Day,Survival Probability
0,0.9999999
1,0.9989806
2,0.9979613
3,0.996942
4,0.9959227
5,0.9949034
6,0.9934095142857143
7,0.9919156285714286
8,0.9904217428571429
9,0.9889278571428571
10,0.9874339714285715
11,0.9859400857142857
12,0.9844462
13,0.9827126
14,0.980979
15,0.9792454
16,0.9792454
17,0.9792454
18,0.9792454
19,0.9792454
20,0.9792454
21,0.9792454
22,0.9792454
23,0.9792454
24,0.9792454
25,0.9792454
26,0.9792454
27,0.9792454
28,0.9792454
29,0.9792454
30,0.9792454
31,0.9792454
32,0.9792454
33,0.9792454
34,0.9792454
35,0.9792454
36,0.9792454
37,0.9792454
38,0.9792454
39,0.9792454
40,0.9792454
41,0.9792454
42,0.9792454
43,0.9792454
44,0.9792454
45,0.9792454
46,0.9792454
47,0.9792454
48,0.9792454
49,0.9792454
50,0.9792454
51,0.9792454
52,0.9792454
53,0.9792454
54,0.9792454
55,0.9792454
56,0.9792454
57,0.9792454
58,0.9792454
59,0.9792454
60,0.9792454
61,0.9792454
62,0.9792454
63,0.9792454
64,0.9792454
65,0.9792454
66,0.9792454
67,0.9792454
68,0.9792454
69,0.9792454
70,0.9792454
71,0.9792454
72,0.9792454
73,0.9792454
74,0.9792454
75,0.9792454
76,0.9792454
77,0.9792454
78,0.9792454
79,0.9792454
80,0.9792454
81,0.9792454
82,0.9792454
83,0.9792454
84,0.9792454
85,0.9792454
86,0.9792454
87,0.9792454
88,0.9792454
89,0.9792454
90,0.9792454
91,0.9792454
92,0.9792454
93,0.9792454
94,0.9792454
95,0.9792454
96,0.9792454
97,0.9792454
98,0.9792454
99,0.9792454
100,0.9792454
101,0.9792454
102,0.9792454
103,0.9792454
104,0.9792454
105,0.9792454
106,0.9792454
107,0.9792454
108,0.9792454
109,0.9792454
110,0.9792454
111,0.9792454
112,0.9792454
113,0.9792454
114,0.9792454
115,0.9792454
116,0.9792454
117,0.9792454
118,0.9792454
119,0.9792454
120,0.9792454
121,0.9792454
122,0.9792454
123,0.9792454
124,0.9792454
125,0.9792454
126,0.9792454
127,0.9792454
128,0.9792454
129,0.9792454
130,0.9792454
131,0.9792454
132,0.9792454
133,0.9792454
134,0.9792454
135,0.9792454
136,0.9792454
137,0.9792454
138,0.9792454
139,0.9792454
140,0.9792454
141,0.9792454
142,0.9792454
143,0.9792454
144,0.9792454
145,0.9792454
146,0.9792454
147,0.9792454
148,0.9792454
149,0.9792454
150,0.9792454
151,0.9792454
152,0.9792454
153,0.9792454
154,0.9792454
155,0.9792454
156,0.9792454
157,0.9792454
158,0.9792454
159,0.9792454
160,0.9792454
161,0.9792454
162,0.9792454
163,0.9792454
164,0.9792454
165,0.9792454
166,0.9792454
167,0.9792454
168,0.9792454
169,0.9792454
170,0.9792454
171,0.9792454
172,0.9792454
173,0.9792454
174,0.9792454
175,0.9792454
176,0.9792454
177,0.9792454
178,0.9792454
179,0.9792454
180,0.9792454
181,0.9792454
182,0.9792454
183,0.9792454
184,0.9792454
185,0.9792454
186,0.9792454
187,0.9792454
188,0.9792454
189,0.9792454
190,0.9792454
191,0.9792454
192,0.9792454
193,0.9792454
194,0.9792454
195,0.9792454
196,0.9792454
197,0.9792454
198,0.9792454
199,0.9792454
200,0.9792454
201,0.9792454
202,0.9792454
203,0.9792454
204,0.9792454
205,0.9792454
206,0.9792454
207,0.9792454
208,0.9792454
209,0.9792454
210,0.9792454
211,0.9792454
212,0.9792454
213,0.9792454
214,0.9792454
215,0.9792454
216,0.9792454
217,0.9792454
218,0.9792454
219,0.9792454
220,0.9792454
221,0.9792454
222,0.9792454
223,0.9792454
224,0.9792454
225,0.9792454
226,0.9792454
227,0.9792454
228,0.9792454
229,0.9792454
230,0.9792454
231,0.9792454
232,0.9792454
233,0.9792454
234,0.9792454
235,0.9792454
236,0.9792454
237,0.9792454
238,0.9792454
239,0.9792454
240,0.9792454
241,0.9792454
242,0.9792454
243,0.9792454
244,0.9792454
245,0.9792454
246,0.9792454
247,0.9792454
248,0.9792454
249,0.9792454
250,0.9792454
251,0.9792454
252,0.9792454
253,0.9792454
254,0.9792454
255,0.9792454
256,0.9792454
257,0.9792454
258,0.9792454
259,0.9792454
260,0.9792454
261,0.9792454
262,0.9792454
263,0.9792454
264,0.9792454
265,0.9792454
266,0.9792454
267,0.9792454
268,0.9792454
269,0.9792454
270,0.9792454
271,0.9792454
272,0.9792454
273,0.9792454
274,0.9792454
275,0.9792454
276,0.9792454
277,0.9792454
278,0.9792454
279,0.9792454
280,0.9792454
281,0.9792454
282,0.9792454
283,0.9792454
284,0.9792454
285,0.9792454
286,0.9792454
287,0.9792454
288,0.9792454
289,0.9792454
290,0.9792454
291,0.9792454
292,0.9792454
293,0.9792454
294,0.9792454
295,0.9792454
296,0.9792454
297,0.9792454
298,0.9792454
299,0.9792454
300,0.9792454
301,0.9792454
302,0.9792454
303,0.9792454
304,0.9792454
305,0.9792454
306,0.9792454
307,0.9792454
308,0.9792454
309,0.9792454
310,0.9792454
311,0.9792454
312,0.9792454
313,0.9792454
314,0.9792454
315,0.9792454
316,0.9792454
317,0.9792454
318,0.9792454
319,0.9792454
320,0.9792454
321,0.9792454
322,0.9792454
323,0.9792454
324,0.9792454
325,0.9792454
326,0.9792454
327,0.9792454
328,0.9792454
329,0.9792454
330,0.9792454
331,0.9792454
332,0.9792454
333,0.9792454
334,0.9792454
335,0.9792454
336,0.9792454
337,0.9792454
338,0.9792454
339,0.9792454
340,0.9792454
341,0.9792454
342,0.9792454
343,0.9792454
344,0.9792454
345,0.9792454
346,0.9792454
347,0.9792454
348,0.9792454
349,0.9792454
350,0.9792454
351,0.9792454
352,0.9792454
353,0.9792454
354,0.9792454
355,0.9792454
356,0.9792454
357,0.9792454
358,0.9792454
359,0.9792454
360,0.9792454
361,0.9792454
362,0.9792454
363,0.9792454
364,0.9792454
365,0.9792454
366,0.9792454
367,0.9792454
368,0.9792454
369,0.9792454
370,0.9792454
371,0.9792454
372,0.9792454
373,0.9792454
374,0.9792454
375,0.9792454
376,0.9792454
377,0.9792454
378,0.9792454
379,0.9792454
380,0.9792454
381,0.9792454
382,0.9792454
383,0.9792454
384,0.9792454
385,0.9792454
386,0.9792454
387,0.9792454
388,0.9792454
389,0.9792454
390,0.9792454
391,0.9792454
392,0.9792454
393,0.9792454
394,0.9792454
395,0.9792454
396,0.9792454
397,0.9792454
398,0.9792454
399,0.9792454
400,0.9792454
401,0.9792454
402,0.9792454
403,0.9792454
404,0.9792454
405,0.9792454
406,0.9792454
407,0.9792454
408,0.9792454
409,0.9792454
410,0.9792454
411,0.9792454
412,0.9792454
413,0.9792454
414,0.9792454
415,0.9792454
416,0.9792454
417,0.9792454
418,0.9792454
419,0.9792454
420,0.9792454
421,0.9792454
422,0.9792454
423,0.9792454
424,0.9792454
425,0.9792454
426,0.9792454
427,0.9792454
428,0.9792454
429,0.9792454
430,0.9792454
431,0.9792454
432,0.9792454
433,0.9792454
434,0.9792454
435,0.9792454
436,0.9792454
437,0.9792454
438,0.9792454
439,0.9792454
440,0.9792454
441,0.9792454
442,0.9792454
443,0.9792454
444,0.9792454
445,0.9792454
446,0.9792454
447,0.9792454
448,0.9792454
449,0.9792454
450,0.9792454
451,0.9792454
452,0.9792454
453,0.9792454
454,0.9792454
455,0.9792454
456,0.9792454
457,0.9792454
458,0.9792454
459,0.9792454
460,0.9792454
461,0.9792454
462,0.9792454
463,0.9792454
464,0.9792454
465,0.9792454
466,0.9792454
467,0.9792454
468,0.9792454
469,0.9792454
470,0.9792454
471,0.9792454
472,0.9792454
473,0.9792454
474,0.9792454
475,0.9792454
476,0.9792454
477,0.9792454
478,0.9792454
479,0.9792454
480,0.9792454
481,0.9792454
482,0.9792454
483,0.9792454
484,0.9792454
485,0.9792454
486,0.9792454
487,0.9792454
488,0.9792454
489,0.9792454
490,0.9792454
491,0.9792454
492,0.9792454
493,0.9792454
494,0.9792454
495,0.9792454
496,0.9792454
497,0.9792454
498,0.9792454
499,0.9792454
500,0.9792454
501,0.9792454
502,0.9792454
503,0.9792454
504,0.9792454
505,0.9792454
506,0.9792454
507,0.9792454
508,0.9792454
509,0.9792454
510,0.9792454
511,0.9792454
512,0.9792454
513,0.9792454
514,0.9792454
515,0.9792454
516,0.9792454
517,0.9792454
518,0.9792454
519,0.9792454
520,0.9792454
521,0.9792454
522,0.9792454
523,0.9792454
524,0.9792454
525,0.9792454
526,0.9792454
527,0.9792454
528,0.9792454
529,0.9792454
530,0.9792454
531,0.9792454
532,0.9792454
533,0.9792454
534,0.9792454
535,0.9792454
536,0.9792454
537,0.9792454
538,0.9792454
539,0.9792454
540,0.9792454
541,0.9792454
542,0.9792454
543,0.9792454
544,0.9792454
545,0.9792454
546,0.9792454
547,0.9792454
548,0.9792454
549,0.9792454
550,0.9792454
551,0.9792454
552,0.9792454
553,0.9792454
554,0.9792454
555,0.9792454
556,0.9792454
557,0.9792454
558,0.9792454
559,0.9792454
560,0.9792454
561,0.9792454
562,0.9792454
563,0.9792454
564,0.9792454
565,0.9792454
566,0.9792454
567,0.9792454
568,0.9792454
569,0.9792454
570,0.9792454
571,0.9792454
572,0.9792454
573,0.9792454
574,0.9792454
575,0.9792454
576,0.9792454
577,0.9792454
578,0.9792454
579,0.9792454
580,0.9792454
581,0.9792454
582,0.9792454
583,0.9792454
584,0.9792454
585,0.9792454
586,0.9792454
587,0.9792454
588,0.9792454
589,0.9792454
590,0.9792454
591,0.9792454
592,0.9792454
593,0.9792454
594,0.9792454
595,0.9792454
596,0.9792454
597,0.9792454
598,0.9792454
599,0.9792454
600,0.9792454
601,0.9792454
602,0.9792454
603,0.9792454
604,0.9792454
605,0.9792454
606,0.9792454
607,0.9792454
608,0.9792454
609,0.9792454
610,0.9792454
611,0.9792454
612,0.9792454
613,0.9792454
614,0.9792454
615,0.9792454
616,0.9792454
617,0.9792454
618,0.9792454
619,0.9792454
620,0.9792454
621,0.9792454
622,0.9792454
623,0.9792454
624,0.9792454
625,0.9792454
626,0.9792454
627,0.9792454
628,0.9792454
629,0.9792454
630,0.9792454
631,0.9792454
632,0.9792454
633,0.9792454
634,0.9792454
635,0.9792454
636,0.9792454
637,0.9792454
638,0.9792454
639,0.9792454
640,0.9792454
641,0.9792454
642,0.9792454
643,0.9792454
644,0.9792454
645,0.9792454
646,0.9792454
647,0.9792454
648,0.9792454
649,0.9792454
650,0.9792454
651,0.9792454
652,0.9792454
653,0.9792454
654,0.9792454
655,0.9792454
656,0.9792454
657,0.9792454
658,0.9792454
659,0.9792454
660,0.9792454
661,0.9792454
662,0.9792454
663,0.9792454
664,0.9792454
665,0.9792454
666,0.9792454
667,0.9792454
668,0.9792454
669,0.9792454
670,0.9792454
671,0.9792454
672,0.9792454
673,0.9792454
674,0.9792454
675,0.9792454
676,0.9792454
677,0.9792454
678,0.9792454
679,0.9792454
680,0.9792454
681,0.9792454
682,0.9792454
683,0.9792454
684,0.9792454
685,0.9792454
686,0.9792454
687,0.9792454
688,0.9792454
689,0.9792454
690,0.9792454
691,0.9792454
692,0.9792454
693,0.9792454
694,0.9792454
695,0.9792454
696,0.9792454
697,0.9792454
698,0.9792454
699,0.9792454
700,0.9792454
701,0.9792454
702,0.9792454
703,0.9792454
704,0.9792454
705,0.9792454
706,0.9792454
707,0.9792454
708,0.9792454
709,0.9792454
710,0.9792454
711,0.9792454
712,0.9792454
713,0.9792454
714,0.9792454
715,0.9792454
716,0.9792454
717,0.9792454
718,0.9792454
719,0.9792454
720,0.9792454
721,0.9792454
722,0.9792454
723,0.9792454
724,0.9792454
725,0.9792454
726,0.9792454
727,0.9792454
728,0.9792454
729,0.9792454
730,0.9792454
731,0.9792454
732,0.9792454
733,0.9792454
734,0.9792454
735,0.9792454
736,0.9792454
737,0.9792454
738,0.9792454
739,0.9792454
740,0.9792454
741,0.9792454
742,0.9792454
743,0.9792454
744,0.9792454
745,0.9792454
746,0.9792454
747,0.9792454
748,0.9792454
749,0.9792454
750,0.9792454
751,0.9792454
752,0.9792454
753,0.9792454
754,0.9792454
755,0.9792454
756,0.9792454
757,0.9792454
758,0.9792454
759,0.9792454
760,0.9792454
761,0.9792454
762,0.9792454
763,0.9792454
764,0.9792454
765,0.9792454
766,0.9792454
767,0.9792454
768,0.9792454
769,0.9792454
770,0.9792454
771,0.9792454
772,0.9792454
773,0.9792454
774,0.9792454
775,0.9792454
776,0.9792454
777,0.9792454
778,0.9792454
779,0.9792454
780,0.9792454
781,0.9792454
782,0.9792454
783,0.9792454
784,0.9792454
785,0.9792454
786,0.9792454
787,0.9792454
788,0.9792454
789,0.9792454
790,0.9792454
791,0.9792454
792,0.9792454
793,0.9792454
794,0.9792454
795,0.9792454
796,0.9792454
797,0.9792454
798,0.9792454
799,0.9792454
800,0.9792454
801,0.9792454
802,0.9792454
803,0.9792454
804,0.9792454
805,0.9792454
806,0.9792454
807,0.9792454
808,0.9792454
809,0.9792454
810,0.9792454
811,0.9792454
812,0.9792454
813,0.9792454
814,0.9792454
815,0.9792454
816,0.9792454
817,0.9792454
818,0.9792454
819,0.9792454
820,0.9792454
821,0.9792454
822,0.9792454
823,0.9792454
824,0.9792454
825,0.9792454
826,0.9792454
827,0.9792454
828,0.9792454
829,0.9792454
830,0.9792454
831,0.9792454
832,0.9792454
833,0.9792454
834,0.9792454
835,0.9792454
836,0.9792454
837,0.9792454
838,0.9792454
839,0.9792454
840,0.9792454
841,0.9792454
842,0.9792454
843,0.9792454
844,0.9792454
845,0.9792454
846,0.9792454
847,0.9792454
848,0.9792454
849,0.9792454
850,0.9792454
851,0.9792454
852,0.9792454
853,0.9792454
854,0.9792454
855,0.9792454
856,0.9792454
857,0.9792454
858,0.9792454
859,0.9792454
860,0.9792454
861,0.9792454
862,0.9792454
863,0.9792454
864,0.9792454
865,0.9792454
866,0.9792454
867,0.9792454
868,0.9792454
869,0.9792454
870,0.9792454
871,0.9792454
872,0.9792454
873,0.9792454
874,0.9792454
875,0.9792454
876,0.9792454
877,0.9792454
878,0.9792454
879,0.9792454
880,0.9792454
881,0.9792454
882,0.9792454
883,0.9792454
884,0.9792454
885,0.9792454
886,0.9792454
887,0.9792454
888,0.9792454
889,0.9792454
890,0.9792454
891,0.9792454
892,0.9792454
893,0.9792454
894,0.9792454
895,0.9792454
896,0.9792454
897,0.9792454
898,0.9792454
899,0.9792454
900,0.9792454
901,0.9792454
902,0.9792454
903,0.9792454
904,0.9792454
905,0.9792454
906,0.9792454
907,0.9792454
908,0.9792454
909,0.9792454
910,0.9792454
911,0.9792454
912,0.9792454
913,0.9792454
914,0.9792454
915,0.9792454
916,0.9792454
917,0.9792454
918,0.9792454
919,0.9792454
920,0.9792454
921,0.9792454
922,0.9792454
923,0.9792454
924,0.9792454
925,0.9792454
926,0.9792454
927,0.9792454
928,0.9792454
929,0.9792454
930,0.9792454
931,0.9792454
932,0.9792454
933,0.9792454
934,0.9792454
935,0.9792454
936,0.9792454
937,0.9792454
938,0.9792454
939,0.9792454
940,0.9792454
941,0.9792454
942,0.9792454
943,0.9792454
944,0.9792454
945,0.9792454
946,0.9792454
947,0.9792454
948,0.9792454
949,0.9792454
950,0.9792454
951,0.9792454
952,0.9792454
953,0.9792454
954,0.9792454
955,0.9792454
956,0.9792454
957,0.9792454
958,0.9792454
959,0.9792454
960,0.9792454
961,0.9792454
962,0.9792454
963,0.9792454
964,0.9792454
965,0.9792454
966,0.9792454
967,0.9792454
968,0.9792454
969,0.9792454
970,0.9792454
971,0.9792454
972,0.9792454
973,0.9792454
974,0.9792454
975,0.9792454
976,0.9792454
977,0.9792454
978,0.9792454
979,0.9792454
980,0.9792454
981,0.9792454
982,0.9792454
983,0.9792454
984,0.9792454
985,0.9792454
986,0.9792454
987,0.9792454
988,0.9792454
989,0.9792454
990,0.9792454
991,0.9792454
992,0.9792454
993,0.9792454
994,0.9792454
995,0.9792454
996,0.9792454
997,0.9792454
998,0.9792454
999,0.9792454
1000,0.9792454
1001,0.9792454
1002,0.9792454
1003,0.9792454
1004,0.9792454
1005,0.9792454
1006,0.9792454
1007,0.9792454
1008,0.9792454
1009,0.9792454
1010,0.9792454
1011,0.9792454
1012,0.9792454
1013,0.9792454
1014,0.9792454
1015,0.9792454
1016,0.9792454
1017,0.9792454
1018,0.9792454
1019,0.9792454
1020,0.9792454
1021,0.9792454
1022,0.9792454
1023,0.9792454
1024,0.9792454
1025,0.9792454
1026,0.9792454
1027,0.9792454
1028,0.9792454
1029,0.9792454
1030,0.9792454
1031,0.9792454
1032,0.9792454
1033,0.9792454
1034,0.9792454
1035,0.9792454
1036,0.9792454
1037,0.9792454
1038,0.9792454
1039,0.9792454
1040,0.9792454
1041,0.9792454
1042,0.9792454
1043,0.9792454
1044,0.9792454
1045,0.9792454
1046,0.9792454
1047,0.9792454
1048,0.9792454
1049,0.9792454
1050,0.9792454
1051,0.9792454
1052,0.9792454
1053,0.9792454
1054,0.9792454
1055,0.9792454
1056,0.9792454
1057,0.9792454
1058,0.9792454
1059,0.9792454
1060,0.9792454
1061,0.9792454
1062,0.9792454
1063,0.9792454
1064,0.9792454
1065,0.9792454
1066,0.9792454
1067,0.9792454
1068,0.9792454
1069,0.9792454
1070,0.9792454
1071,0.9792454
1072,0.9792454
1073,0.9792454
1074,0.9792454
1075,0.9792454
1076,0.9792454
1077,0.9792454
1078,0.9792454
1079,0.9792454
1080,0.9792454
1081,0.9792454
1082,0.9792454
1083,0.9792454
1084,0.9792454
1085,0.9792454
1086,0.9792454
1087,0.9792454
1088,0.9792454
1089,0.9792454
1090,0.9792454
1091,0.9792454
1092,0.9792454
1093,0.9792454
1094,0.9792454
1095,0.9792454
1096,0.9792454
1097,0.9792454
1098,0.9792454
1099,0.9792454
1100,0.9792454
1101,0.9792454
1102,0.9792454
1103,0.9792454
1104,0.9792454
1105,0.9792454
1106,0.9792454
1107,0.9792454
1108,0.9792454
1109,0.9792454
1110,0.9792454
1111,0.9792454
1112,0.9792454
1113,0.9792454
1114,0.9792454
1115,0.9792454
1116,0.9792454
1117,0.9792454
1118,0.9792454
1119,0.9792454
1120,0.9792454
1121,0.9792454
1122,0.9792454
1123,0.9792454
1124,0.9792454
1125,0.9792454
1126,0.9792454
1127,0.9792454
1128,0.9792454
1129,0.9792454
1130,0.9792454
1131,0.9792454
1132,0.9792454
1133,0.9792454
1134,0.9792454
1135,0.9792454
1136,0.9792454
1137,0.9792454
1138,0.9792454
1139,0.9792454
1140,0.9792454
1141,0.9792454
1142,0.9792454
1143,0.9792454
1144,0.9792454
1145,0.9792454
1146,0.9792454
1147,0.9792454
1148,0.9792454
1149,0.9792454
1150,0.9792454
1151,0.9792454
1152,0.9792454
1153,0.9792454
1154,0.9792454
1155,0.9792454
1156,0.9792454
1157,0.9792454
1158,0.9792454
1159,0.9792454
1160,0.9792454
1161,0.9792454
1162,0.9792454
1163,0.9792454
1164,0.9792454
1165,0.9792454
1166,0.9792454
1167,0.9792454
1168,0.9792454
1169,0.9792454
1170,0.9792454
1171,0.9792454
1172,0.9792454
1173,0.9792454
1174,0.9792454
1175,0.9792454
1176,0.9792454
1177,0.9792454
1178,0.9792454
1179,0.9792454
1180,0.9792454
1181,0.9792454
1182,0.9792454
1183,0.9792454
1184,0.9792454
1185,0.9792454
1186,0.9792454
1187,0.9792454
1188,0.9792454
1189,0.9792454
1190,0.9792454
1191,0.9792454
1192,0.9792454
1193,0.9792454
1194,0.9792454
1195,0.9792454
1196,0.9792454
1197,0.9792454
1198,0.9792454
1199,0.9792454
1200,0.9792454
1201,0.9792454
1202,0.9792454
1203,0.9792454
1204,0.9792454
1205,0.9792454
1206,0.9792454
1207,0.9792454
1208,0.9792454
1209,0.9792454
1210,0.9792454
1211,0.9792454
1212,0.9792454
1213,0.9792454
1214,0.9792454
1215,0.9792454
1216,0.9792454
1217,0.9792454
1218,0.9792454
1219,0.9792454
1220,0.9792454
1221,0.9792454
1222,0.9792454
1223,0.9792454
1224,0.9792454
1225,0.9792454
1226,0.9792454
1227,0.9792454
1228,0.9792454
1229,0.9792454
1230,0.9792454
1231,0.9792454
1232,0.9792454
1233,0.9792454
1234,0.9792454
1235,0.9792454
1236,0.9792454
1237,0.9792454
1238,0.9792454
1239,0.9792454
1240,0.9792454
1241,0.9792454
1242,0.9792454
1243,0.9792454
1244,0.9792454
1245,0.9792454
1246,0.9792454
1247,0.9792454
1248,0.9792454
1249,0.9792454
1250,0.9792454
1251,0.9792454
1252,0.9792454
1253,0.9792454
1254,0.9792454
1255,0.9792454
1256,0.9792454
1257,0.9792454
1258,0.9792454
1259,0.9792454
1260,0.9792454
1261,0.9792454
1262,0.9792454
1263,0.9792454
1264,0.9792454
1265,0.9792454
1266,0.9792454
1267,0.9792454
1268,0.9792454
1269,0.9792454
1270,0.9792454
1271,0.9792454
1272,0.9792454
1273,0.9792454
1274,0.9792454
1275,0.9792454
1276,0.9792454
1277,0.9792454
1278,0.9792454
1279,0.9792454
1280,0.9792454
1281,0.9792454
1282,0.9792454
1283,0.9792454
1284,0.9792454
1285,0.9792454
1286,0.9792454
1287,0.9792454
1288,0.9792454
1289,0.9792454
1290,0.9792454
1291,0.9792454
1292,0.9792454
1293,0.9792454
1294,0.9792454
1295,0.9792454
1296,0.9792454
1297,0.9792454
1298,0.9792454
1299,0.9792454
1300,0.9792454
1301,0.9792454
1302,0.9792454
1303,0.9792454
1304,0.9792454
1305,0.9792454
1306,0.9792454
1307,0.9792454
1308,0.9792454
1309,0.9792454
1310,0.9792454
1311,0.9792454
1312,0.9792454
1313,0.9792454
1314,0.9792454
1315,0.9792454
1316,0.9792454
1317,0.9792454
1318,0.9792454
1319,0.9792454
1320,0.9792454
1321,0.9792454
1322,0.9792454
1323,0.9792454
1324,0.9792454
1325,0.9792454
1326,0.9792454
1327,0.9792454
1328,0.9792454
1329,0.9792454
1330,0.9792454
1331,0.9792454
1332,0.9792454
1333,0.9792454
1334,0.9792454
1335,0.9792454
1336,0.9792454
1337,0.9792454
1338,0.9792454
1339,0.9792454
1340,0.9792454
1341,0.9792454
1342,0.9792454
1343,0.9792454
1344,0.9792454
1345,0.9792454
1346,0.9792454
1347,0.9792454
1348,0.9792454
1349,0.9792454
1350,0.9792454
1351,0.9792454
1352,0.9792454
1353,0.9792454
1354,0.9792454
1355,0.9792454
1356,0.9792454
1357,0.9792454
1358,0.9792454
1359,0.9792454
1360,0.9792454
1361,0.9792454
1362,0.9792454
1363,0.9792454
1364,0.9792454
1365,0.9792454
1366,0.9792454
1367,0.9792454
1368,0.9792454
1369,0.9792454
1370,0.9792454
1371,0.9792454
1372,0.9792454
1373,0.9792454
1374,0.9792454
1375,0.9792454
1376,0.9792454
1377,0.9792454
1378,0.9792454
1379,0.9792454
1380,0.9792454
1381,0.9792454
1382,0.9792454
1383,0.9792454
1384,0.9792454
1385,0.9792454
1386,0.9792454
1387,0.9792454
1388,0.9792454
1389,0.9792454
1390,0.9792454
1391,0.9792454
1392,0.9792454
1393,0.9792454
1394,0.9792454
1395,0.9792454
1396,0.9792454
1397,0.9792454
1398,0.9792454
1399,0.9792454
1400,0.9792454
1401,0.9792454
1402,0.9792454
1403,0.9792454
1404,0.9792454
1405,0.9792454
1406,0.9792454
1407,0.9792454
1408,0.9792454
1409,0.9792454
1410,0.9792454
1411,0.9792454
1412,0.9792454
1413,0.9792454
1414,0.9792454
1415,0.9792454
1416,0.9792454
1417,0.9792454
1418,0.9792454
1419,0.9792454
1420,0.9792454
1421,0.9792454
1422,0.9792454
1423,0.9792454
1424,0.9792454
1425,0.9792454
1426,0.9792454
1427,0.9792454
1428,0.9792454
1429,0.9792454
1430,0.9792454
1431,0.9792454
1432,0.9792454
1433,0.9792454
1434,0.9792454
1435,0.9792454
1436,0.9792454
1437,0.9792454
1438,0.9792454
1439,0.9792454
1440,0.9792454
1441,0.9792454
1442,0.9792454
1443,0.9792454
1444,0.9792454
1445,0.9792454
1446,0.9792454
1447,0.9792454
1448,0.9792454
1449,0.9792454
1450,0.9792454
1451,0.9792454
1452,0.9792454
1453,0.9792454
1454,0.9792454
1455,0.9792454
1456,0.9792454
1457,0.9792454
1458,0.9792454
1459,0.9792454
1460,0.9792454
1461,0.9792454
1462,0.9792454
1463,0.9792454
1464,0.9792454
1465,0.9792454
1466,0.9792454
1467,0.9792454
1468,0.9792454
1469,0.9792454
1470,0.9792454
1471,0.9792454
1472,0.9792454
1473,0.9792454
1474,0.9792454
1475,0.9792454
1476,0.9792454
1477,0.9792454
1478,0.9792454
1479,0.9792454
1480,0.9792454
1481,0.9792454
1482,0.9792454
1483,0.9792454
1484,0.9792454
1485,0.9792454
1486,0.9792454
1487,0.9792454
1488,0.9792454
1489,0.9792454
1490,0.9792454
1491,0.9792454
1492,0.9792454
1493,0.9792454
1494,0.9792454
1495,0.9792454
1496,0.9792454
1497,0.9792454
1498,0.9792454
1499,0.9792454
1500,0.9792454
1501,0.9792454
1502,0.9792454
1503,0.9792454
1504,0.9792454
1505,0.9792454
1506,0.9792454
1507,0.9792454
1508,0.9792454
1509,0.9792454
1510,0.9792454
1511,0.9792454
1512,0.9792454
1513,0.9792454
1514,0.9792454
1515,0.9792454
1516,0.9792454
1517,0.9792454
1518,0.9792454
1519,0.9792454
1520,0.9792454
1521,0.9792454
1522,0.9792454
1523,0.9792454
1524,0.9792454
1525,0.9792454
1526,0.9792454
1527,0.9792454
1528,0.9792454
1529,0.9792454
1530,0.9792454
1531,0.9792454
1532,0.9792454
1533,0.9792454
1534,0.9792454
1535,0.9792454
1536,0.9792454
1537,0.9792454
1538,0.9792454
1539,0.9792454
1540,0.9792454
1541,0.9792454
1542,0.9792454
1543,0.9792454
1544,0.9792454
1545,0.9792454
1546,0.9792454
1547,0.9792454
1548,0.9792454
1549,0.9792454
1550,0.9792454
1551,0.9792454
1552,0.9792454
1553,0.9792454
1554,0.9792454
1555,0.9792454
1556,0.9792454
1557,0.9792454
1558,0.9792454
1559,0.9792454
1560,0.9792454
1561,0.9792454
1562,0.9792454
1563,0.9792454
1564,0.9792454
1565,0.9792454
1566,0.9792454
1567,0.9792454
1568,0.9792454
1569,0.9792454
1570,0.9792454
1571,0.9792454
1572,0.9792454
1573,0.9792454
1574,0.9792454
1575,0.9792454
1576,0.9792454
1577,0.9792454
1578,0.9792454
1579,0.9792454
1580,0.9792454
1581,0.9792454
1582,0.9792454
1583,0.9792454
1584,0.9792454
1585,0.9792454
1586,0.9792454
1587,0.9792454
1588,0.9792454
1589,0.9792454
1590,0.9792454
1591,0.9792454
1592,0.9792454
1593,0.9792454
1594,0.9792454
1595,0.9792454
1596,0.9792454
1597,0.9792454
1598,0.9792454
1599,0.9792454
1600,0.9792454
1601,0.9792454
1602,0.9792454
1603,0.9792454
1604,0.9792454
1605,0.9792454
1606,0.9792454
1607,0.9792454
1608,0.9792454
1609,0.9792454
1610,0.9792454
1611,0.9792454
1612,0.9792454
1613,0.9792454
1614,0.9792454
1615,0.9792454
1616,0.9792454
1617,0.9792454
1618,0.9792454
1619,0.9792454
1620,0.9792454
1621,0.9792454
1622,0.9792454
1623,0.9792454
1624,0.9792454
1625,0.9792454
1626,0.9792454
1627,0.9792454
1628,0.9792454
1629,0.9792454
1630,0.9792454
1631,0.9792454
1632,0.9792454
1633,0.9792454
1634,0.9792454
1635,0.9792454
1636,0.9792454
1637,0.9792454
1638,0.9792454
1639,0.9792454
1640,0.9792454
1641,0.9792454
1642,0.9792454
1643,0.9792454
1644,0.9792454
1645,0.9792454
1646,0.9792454
1647,0.9792454
1648,0.9792454
1649,0.9792454
1650,0.9792454
1651,0.9792454
1652,0.9792454
1653,0.9792454
1654,0.9792454
1655,0.9792454
1656,0.9792454
1657,0.9792454
1658,0.9792454
1659,0.9792454
1660,0.9792454
1661,0.9792454
1662,0.9792454
1663,0.9792454
1664,0.9792454
1665,0.9792454
1666,0.9792454
1667,0.9792454
1668,0.9792454
1669,0.9792454
1670,0.9792454
1671,0.9792454
1672,0.9792454
1673,0.9792454
1674,0.9792454
1675,0.9792454
1676,0.9792454
1677,0.9792454
1678,0.9792454
1679,0.9792454
1680,0.9792454
1681,0.9792454
1682,0.9792454
1683,0.9792454
1684,0.9792454
1685,0.9792454
1686,0.9792454
1687,0.9792454
1688,0.9792454
1689,0.9792454
1690,0.9792454
1691,0.9792454
1692,0.9792454
1693,0.9792454
1694,0.9792454
1695,0.9792454
1696,0.9792454
1697,0.9792454
1698,0.9792454
1699,0.9792454
1700,0.9792454
1701,0.9792454
1702,0.9792454
1703,0.9792454
1704,0.9792454
1705,0.9792454
1706,0.9792454
1707,0.9792454
1708,0.9792454
1709,0.9792454
1710,0.9792454
1711,0.9792454
1712,0.9792454
1713,0.9792454
1714,0.9792454
1715,0.9792454
1716,0.9792454
1717,0.9792454
1718,0.9792454
1719,0.9792454
1720,0.9792454
1721,0.9792454
1722,0.9792454
1723,0.9792454
1724,0.9792454
1725,0.9792454
1726,0.9792454
1727,0.9792454
1728,0.9792454
1729,0.9792454
1730,0.9792454
1731,0.9792454
1732,0.9792454
1733,0.9792454
1734,0.9792454
1735,0.9792454
1736,0.9792454
1737,0.9792454
1738,0.9792454
1739,0.9792454
1740,0.9792454
1741,0.9792454
1742,0.9792454
1743,0.9792454
1744,0.9792454
1745,0.9792454
1746,0.9792454
1747,0.9792454
1748,0.9792454
1749,0.9792454
1750,0.9792454
1751,0.9792454
1752,0.9792454
1753,0.9792454
1754,0.9792454
1755,0.9792454
1756,0.9792454
1757,0.9792454
1758,0.9792454
1759,0.9792454
1760,0.9792454
1761,0.9792454
1762,0.9792454
1763,0.9792454
1764,0.9792454
1765,0.9792454
1766,0.9792454
1767,0.9792454
1768,0.9792454
1769,0.9792454
1770,0.9792454
1771,0.9792454
1772,0.9792454
1773,0.9792454
1774,0.9792454
1775,0.9792454
1776,0.9792454
1777,0.9792454
1778,0.9792454
1779,0.9792454
1780,0.9792454
1781,0.9792454
1782,0.9792454
1783,0.9792454
1784,0.9792454
1785,0.9792454
1786,0.9792454
1787,0.9792454
1788,0.9792454
1789,0.9792454
1790,0.9792454
1791,0.9792454
1792,0.9792454
1793,0.9792454
1794,0.9792454
1795,0.9792454
1796,0.9792454
1797,0.9792454
1798,0.9792454
1799,0.9792454
1800,0.9792454
1801,0.9792454
1802,0.9792454
1803,0.9792454
1804,0.9792454
1805,0.9792454
1806,0.9792454
1807,0.9792454
1808,0.9792454
1809,0.9792454
1810,0.9792454
1811,0.9792454
1812,0.9792454
1813,0.9792454
1814,0.9792454
1815,0.9792454
1816,0.9792454
1817,0.9792454
1818,0.9792454
1819,0.9792454
1820,0.9792454
1821,0.9792454
1822,0.9792454
1823,0.9792454
1824,0.9792454
1825,0.9792454
1826,0.9792454
1827,0.9792454
1828,0.9792454
1829,0.9792454
1830,0.9792454
1831,0.9792454
1832,0.9792454
1833,0.9792454
1834,0.9792454
1835,0.9792454
1836,0.9792454
1837,0.9792454
1838,0.9792454
1839,0.9792454
1840,0.9792454
1841,0.9792454
1842,0.9792454
1843,0.9792454
1844,0.9792454
1845,0.9792454
1846,0.9792454
1847,0.9792454
1848,0.9792454
1849,0.9792454
1850,0.9792454
1851,0.9792454
1852,0.9792454
1853,0.9792454
1854,0.9792454
1855,0.9792454
1856,0.9792454
1857,0.9792454
1858,0.9792454
1859,0.9792454
1860,0.9792454
1861,0.9792454
1862,0.9792454
1863,0.9792454
1864,0.9792454
1865,0.9792454
1866,0.9792454
1867,0.9792454
1868,0.9792454
1869,0.9792454
1870,0.9792454
1871,0.9792454
1872,0.9792454
1873,0.9792454
1874,0.9792454
1875,0.9792454
1876,0.9792454
1877,0.9792454
1878,0.9792454
1879,0.9792454
1880,0.9792454
1881,0.9792454
1882,0.9792454
1883,0.9792454
1884,0.9792454
1885,0.9792454
1886,0.9792454
1887,0.9792454
1888,0.9792454
1889,0.9792454
1890,0.9792454
1891,0.9792454
1892,0.9792454
1893,0.9792454
1894,0.9792454
1895,0.9792454
1896,0.9792454
1897,0.9792454
1898,0.9792454
1899,0.9792454
1900,0.9792454
1901,0.9792454
1902,0.9792454
1903,0.9792454
1904,0.9792454
1905,0.9792454
1906,0.9792454
1907,0.9792454
1908,0.9792454
1909,0.9792454
1910,0.9792454
1911,0.9792454
1912,0.9792454
1913,0.9792454
1914,0.9792454
1915,0.9792454
1916,0.9792454
1917,0.9792454
1918,0.9792454
1919,0.9792454
1920,0.9792454
1921,0.9792454
1922,0.9792454
1923,0.9792454
1924,0.9792454
1925,0.9792454
1926,0.9792454
1927,0.9792454
1928,0.9792454
1929,0.9792454
1930,0.9792454
1931,0.9792454
1932,0.9792454
1933,0.9792454
1934,0.9792454
1935,0.9792454
1936,0.9792454
1937,0.9792454
1938,0.9792454
1939,0.9792454
1940,0.9792454
1941,0.9792454
1942,0.9792454
1943,0.9792454
1944,0.9792454
1945,0.9792454
1946,0.9792454
1947,0.9792454
1948,0.9792454
1949,0.9792454
1950,0.9792454
1951,0.9792454
1952,0.9792454
1953,0.9792454
1954,0.9792454
1955,0.9792454
1956,0.9792454
1957,0.9792454
1958,0.9792454
1959,0.9792454
1960,0.9792454
1961,0.9792454
1962,0.9792454
1963,0.9792454
1964,0.9792454
1965,0.9792454
1966,0.9792454
1967,0.9792454
1968,0.9792454
1969,0.9792454
1970,0.9792454
1971,0.9792454
1972,0.9792454
1973,0.9792454
1974,0.9792454
1975,0.9792454
1976,0.9792454
1977,0.9792454
1978,0.9792454
1979,0.9792454
1980,0.9792454
1981,0.9792454
1982,0.9792454
1983,0.9792454
1984,0.9792454
1985,0.9792454
1986,0.9792454
1987,0.9792454
1988,0.9792454
1989,0.9792454
1990,0.9792454
1991,0.9792454
1992,0.9792454
1993,0.9792454
1994,0.9792454
1995,0.9792454
1996,0.9792454
1997,0.9792454
1998,0.9792454
1999,0.9792454
2000,0.9792454
2001,0.9792454
2002,0.9792454
2003,0.9792454
2004,0.9792454
2005,0.9792454
2006,0.9792454
2007,0.9792454
2008,0.9792454
2009,0.9792454
2010,0.9792454
2011,0.9792454
2012,0.9792454
2013,0.9792454
2014,0.9792454
2015,0.9792454
2016,0.9792454
2017,0.9792454
2018,0.9792454
2019,0.9792454
2020,0.9792454
2021,0.9792454
2022,0.9792454
2023,0.9792454
2024,0.9792454
2025,0.9792454
2026,0.9792454
2027,0.9792454
2028,0.9792454
2029,0.9792454
2030,0.9792454
2031,0.9792454
2032,0.9792454
2033,0.9792454
2034,0.9792454
2035,0.9792454
2036,0.9792454
2037,0.9792454
2038,0.9792454
2039,0.9792454
2040,0.9792454
2041,0.9792454
2042,0.9792454
2043,0.9792454
2044,0.9792454
2045,0.9792454
2046,0.9792454
2047,0.9792454
2048,0.9792454
2049,0.9792454
2050,0.9792454
2051,0.9792454
2052,0.9792454
2053,0.9792454
2054,0.9792454
2055,0.9792454
2056,0.9792454
2057,0.9792454
2058,0.9792454
2059,0.9792454
2060,0.9792454
2061,0.9792454
2062,0.9792454
2063,0.9792454
2064,0.9792454
2065,0.9792454
2066,0.9792454
2067,0.9792454
2068,0.9792454
2069,0.9792454
2070,0.9792454
2071,0.9792454
2072,0.9792454
2073,0.9792454
2074,0.9792454
2075,0.9792454
2076,0.9792454
2077,0.9792454
2078,0.9792454
2079,0.9792454
2080,0.9792454
2081,0.9792454
2082,0.9792454
2083,0.9792454
2084,0.9792454
2085,0.9792454
2086,0.9792454
2087,0.9792454
2088,0.9792454
2089,0.9792454
2090,0.9792454
2091,0.9792454
2092,0.9792454
2093,0.9792454
2094,0.9792454
2095,0.9792454
2096,0.9792454
2097,0.9792454
2098,0.9792454
2099,0.9792454
2100,0.9792454
2101,0.9792454
2102,0.9792454
2103,0.9792454
2104,0.9792454
2105,0.9792454
2106,0.9792454
2107,0.9792454
2108,0.9792454
2109,0.9792454
2110,0.9792454
2111,0.9792454
2112,0.9792454
2113,0.9792454
2114,0.9792454
2115,0.9792454
2116,0.9792454
2117,0.9792454
2118,0.9792454
2119,0.9792454
2120,0.9792454
2121,0.9792454
2122,0.9792454
2123,0.9792454
2124,0.9792454
2125,0.9792454
2126,0.9792454
2127,0.9792454
2128,0.9792454
2129,0.9792454
2130,0.9792454
2131,0.9792454
2132,0.9792454
2133,0.9792454
2134,0.9792454
2135,0.9792454
2136,0.9792454
2137,0.9792454
2138,0.9792454
2139,0.9792454
2140,0.9792454
2141,0.9792454
2142,0.9792454
2143,0.9792454
2144,0.9792454
2145,0.9792454
2146,0.9792454
2147,0.9792454
2148,0.9792454
2149,0.9792454
2150,0.9792454
2151,0.9792454
2152,0.9792454
2153,0.9792454
2154,0.9792454
2155,0.9792454
2156,0.9792454
2157,0.9792454
2158,0.9792454
2159,0.9792454
2160,0.9792454
2161,0.9792454
2162,0.9792454
2163,0.9792454
2164,0.9792454
2165,0.9792454
2166,0.9792454
2167,0.9792454
2168,0.9792454
2169,0.9792454
2170,0.9792454
2171,0.9792454
2172,0.9792454
2173,0.9792454
2174,0.9792454
2175,0.9792454
2176,0.9792454
2177,0.9792454
2178,0.9792454
2179,0.9792454
2180,0.9792454
2181,0.9792454
2182,0.9792454
2183,0.9792454
2184,0.9792454
2185,0.9792454
2186,0.9792454
2187,0.9792454
2188,0.9792454
2189,0.9792454
2190,0.9792454
2191,0.9792454
2192,0.9792454
2193,0.9792454
2194,0.9792454
2195,0.9792454
2196,0.9792454
2197,0.9792454
2198,0.9792454
2199,0.9792454
2200,0.9792454
2201,0.9792454
2202,0.9792454
2203,0.9792454
2204,0.9792454
2205,0.9792454
2206,0.9792454
2207,0.9792454
2208,0.9792454
2209,0.9792454
2210,0.9792454
2211,0.9792454
2212,0.9792454
2213,0.9792454
2214,0.9792454
2215,0.9792454
2216,0.9792454
2217,0.9792454
2218,0.9792454
2219,0.9792454
2220,0.9792454
2221,0.9792454
2222,0.9792454
2223,0.9792454
2224,0.9792454
2225,0.9792454
2226,0.9792454
2227,0.9792454
2228,0.9792454
2229,0.9792454
2230,0.9792454
2231,0.9792454
2232,0.9792454
2233,0.9792454
2234,0.9792454
2235,0.9792454
2236,0.9792454
2237,0.9792454
2238,0.9792454
2239,0.9792454
2240,0.9792454
2241,0.9792454
2242,0.9792454
2243,0.9792454
2244,0.9792454
2245,0.9792454
2246,0.9792454
2247,0.9792454
2248,0.9792454
2249,0.9792454
2250,0.9792454
2251,0.9792454
2252,0.9792454
2253,0.9792454
2254,0.9792454
2255,0.9792454
2256,0.9792454
2257,0.9792454
2258,0.9792454
2259,0.9792454
2260,0.9792454
2261,0.9792454
2262,0.9792454
2263,0.9792454
2264,0.9792454
2265,0.9792454
2266,0.9792454
2267,0.9792454
2268,0.9792454
2269,0.9792454
2270,0.9792454
2271,0.9792454
2272,0.9792454
2273,0.9792454
2274,0.9792454
2275,0.9792454
2276,0.9792454
2277,0.9792454
2278,0.9792454
2279,0.9792454
2280,0.9792454
2281,0.9792454
2282,0.9792454
2283,0.9792454
2284,0.9792454
2285,0.9792454
2286,0.9792454
2287,0.9792454
2288,0.9792454
2289,0.9792454
2290,0.9792454
2291,0.9792454
2292,0.9792454
2293,0.9792454
2294,0.9792454
2295,0.9792454
2296,0.9792454
2297,0.9792454
2298,0.9792454
2299,0.9792454
2300,0.9792454
2301,0.9792454
2302,0.9792454
2303,0.9792454
2304,0.9792454
2305,0.9792454
2306,0.9792454
2307,0.9792454
2308,0.9792454
2309,0.9792454
2310,0.9792454
2311,0.9792454
2312,0.9792454
2313,0.9792454
2314,0.9792454
2315,0.9792454
2316,0.9792454
2317,0.9792454
2318,0.9792454
2319,0.9792454
2320,0.9792454
2321,0.9792454
2322,0.9792454
2323,0.9792454
2324,0.9792454
2325,0.9792454
2326,0.9792454
2327,0.9792454
2328,0.9792454
2329,0.9792454
2330,0.9792454
2331,0.9792454
2332,0.9792454
2333,0.9792454
2334,0.9792454
2335,0.9792454
2336,0.9792454
2337,0.9792454
2338,0.9792454
2339,0.9792454
2340,0.9792454
2341,0.9792454
2342,0.9792454
2343,0.9792454
2344,0.9792454
2345,0.9792454
2346,0.9792454
2347,0.9792454
2348,0.9792454
2349,0.9792454
2350,0.9792454
2351,0.9792454
2352,0.9792454
2353,0.9792454
2354,0.9792454
2355,0.9792454
2356,0.9792454
2357,0.9792454
2358,0.9792454
2359,0.9792454
2360,0.9792454
2361,0.9792454
2362,0.9792454
2363,0.9792454
2364,0.9792454
2365,0.9792454
2366,0.9792454
2367,0.9792454
2368,0.9792454
2369,0.9792454
2370,0.9792454
2371,0.9792454
2372,0.9792454
2373,0.9792454
2374,0.9792454
2375,0.9792454
2376,0.9792454
2377,0.9792454
2378,0.9792454
2379,0.9792454
2380,0.9792454
2381,0.9792454
2382,0.9792454
2383,0.9792454
2384,0.9792454
2385,0.9792454
2386,0.9792454
2387,0.9792454
2388,0.9792454
2389,0.9792454
2390,0.9792454
2391,0.9792454
2392,0.9792454
2393,0.9792454
2394,0.9792454
2395,0.9792454
2396,0.9792454
2397,0.9792454
2398,0.9792454
2399,0.9792454
2400,0.9792454
2401,0.9792454
2402,0.9792454
2403,0.9792454
2404,0.9792454
2405,0.9792454
2406,0.9792454
2407,0.9792454
2408,0.9792454
2409,0.9792454
2410,0.9792454
2411,0.9792454
2412,0.9792454
2413,0.9792454
2414,0.9792454
2415,0.9792454
2416,0.9792454
2417,0.9792454
2418,0.9792454
2419,0.9792454
2420,0.9792454
2421,0.9792454
2422,0.9792454
2423,0.9792454
2424,0.9792454
2425,0.9792454
2426,0.9792454
2427,0.9792454
2428,0.9792454
2429,0.9792454
2430,0.9792454
2431,0.9792454
2432,0.9792454
2433,0.9792454
2434,0.9792454
2435,0.9792454
2436,0.9792454
2437,0.9792454
2438,0.9792454
2439,0.9792454
2440,0.9792454
2441,0.9792454
2442,0.9792454
2443,0.9792454
2444,0.9792454
2445,0.9792454
2446,0.9792454
2447,0.9792454
2448,0.9792454
2449,0.9792454
2450,0.9792454
2451,0.9792454
2452,0.9792454
2453,0.9792454
2454,0.9792454
2455,0.9792454
2456,0.9792454
2457,0.9792454
2458,0.9792454
2459,0.9792454
2460,0.9792454
2461,0.9792454
2462,0.9792454
2463,0.9792454
2464,0.9792454
2465,0.9792454
2466,0.9792454
2467,0.9792454
2468,0.9792454
2469,0.9792454
2470,0.9792454
2471,0.9792454
2472,0.9792454
2473,0.9792454
2474,0.9792454
2475,0.9792454
2476,0.9792454
2477,0.9792454
2478,0.9792454
2479,0.9792454
2480,0.9792454
2481,0.9792454
2482,0.9792454
2483,0.9792454
2484,0.9792454
2485,0.9792454
2486,0.9792454
2487,0.9792454
2488,0.9792454
2489,0.9792454
2490,0.9792454
2491,0.9792454
2492,0.9792454
2493,0.9792454
2494,0.9792454
2495,0.9792454
2496,0.9792454
2497,0.9792454
2498,0.9792454
2499,0.9792454
2500,0.9792454
2501,0.9792454
2502,0.9792454
2503,0.9792454
2504,0.9792454
2505,0.9792454
2506,0.9792454
2507,0.9792454
2508,0.9792454
2509,0.9792454
2510,0.9792454
2511,0.9792454
2512,0.9792454
2513,0.9792454
2514,0.9792454
2515,0.9792454
2516,0.9792454
2517,0.9792454
2518,0.9792454
2519,0.9792454
2520,0.9792454
2521,0.9792454
2522,0.9792454
2523,0.9792454
2524,0.9792454
2525,0.9792454
2526,0.9792454
2527,0.9792454
2528,0.9792454
2529,0.9792454
2530,0.9792454
2531,0.9792454
2532,0.9792454
2533,0.9792454
2534,0.9792454
2535,0.9792454
2536,0.9792454
2537,0.9792454
2538,0.9792454
2539,0.9792454
2540,0.9792454
2541,0.9792454
2542,0.9792454
2543,0.9792454
2544,0.9792454
2545,0.9792454
2546,0.9792454
2547,0.9792454
2548,0.9792454
2549,0.9792454
2550,0.9792454
2551,0.9792454
2552,0.9792454
2553,0.9792454
2554,0.9792454
2555,0.9792454
2556,0.9792454
2557,0.9792454
2558,0.9792454
2559,0.9792454
2560,0.9792454
2561,0.9792454
2562,0.9792454
2563,0.9792454
2564,0.9792454
2565,0.9792454
2566,0.9792454
2567,0.9792454
2568,0.9792454
2569,0.9792454
2570,0.9792454
2571,0.9792454
2572,0.9792454
2573,0.9792454
2574,0.9792454
2575,0.9792454
2576,0.9792454
2577,0.9792454
2578,0.9792454
2579,0.9792454
2580,0.9792454
2581,0.9792454
2582,0.9792454
2583,0.9792454
2584,0.9792454
2585,0.9792454
2586,0.9792454
2587,0.9792454
2588,0.9792454
2589,0.9792454
2590,0.9792454
2591,0.9792454
2592,0.9792454
2593,0.9792454
2594,0.9792454
2595,0.9792454
2596,0.9792454
2597,0.9792454
2598,0.9792454
2599,0.9792454
2600,0.9792454
2601,0.9792454
2602,0.9792454
2603,0.9792454
2604,0.9792454
2605,0.9792454
2606,0.9792454
2607,0.9792454
2608,0.9792454
2609,0.9792454
2610,0.9792454
2611,0.9792454
2612,0.9792454
2613,0.9792454
2614,0.9792454
2615,0.9792454
2616,0.9792454
2617,0.9792454
2618,0.9792454
2619,0.9792454
2620,0.9792454
2621,0.9792454
2622,0.9792454
2623,0.9792454
2624,0.9792454
2625,0.9792454
2626,0.9792454
2627,0.9792454
2628,0.9792454
2629,0.9792454
2630,0.9792454
2631,0.9792454
2632,0.9792454
2633,0.9792454
2634,0.9792454
2635,0.9792454
2636,0.9792454
2637,0.9792454
2638,0.9792454
2639,0.9792454
2640,0.9792454
2641,0.9792454
2642,0.9792454
2643,0.9792454
2644,0.9792454
2645,0.9792454
2646,0.9792454
2647,0.9792454
2648,0.9792454
2649,0.9792454
2650,0.9792454
2651,0.9792454
2652,0.9792454
2653,0.9792454
2654,0.9792454
2655,0.9792454
2656,0.9792454
2657,0.9792454
2658,0.9792454
2659,0.9792454
2660,0.9792454
2661,0.9792454
2662,0.9792454
2663,0.9792454
2664,0.9792454
2665,0.9792454
2666,0.9792454
2667,0.9792454
2668,0.9792454
2669,0.9792454
2670,0.9792454
2671,0.9792454
2672,0.9792454
2673,0.9792454
2674,0.9792454
2675,0.9792454
2676,0.9792454
2677,0.9792454
2678,0.9792454
2679,0.9792454
2680,0.9792454
2681,0.9792454
2682,0.9792454
2683,0.9792454
2684,0.9792454
2685,0.9792454
2686,0.9792454
2687,0.9792454
2688,0.9792454
2689,0.9792454
2690,0.9792454
2691,0.9792454
2692,0.9792454
2693,0.9792454
2694,0.9792454
2695,0.9792454
2696,0.9792454
2697,0.9792454
2698,0.9792454
2699,0.9792454
2700,0.9792454
2701,0.9792454
2702,0.9792454
2703,0.9792454
2704,0.9792454
2705,0.9792454
2706,0.9792454
2707,0.9792454
2708,0.9792454
2709,0.9792454
2710,0.9792454
2711,0.9792454
2712,0.9792454
2713,0.9792454
2714,0.9792454
2715,0.9792454
2716,0.9792454
2717,0.9792454
2718,0.9792454
2719,0.9792454
2720,0.9792454
2721,0.9792454
2722,0.9792454
2723,0.9792454
2724,0.9792454
2725,0.9792454
2726,0.9792454
2727,0.9792454
2728,0.9792454
2729,0.9792454
2730,0.9792454
2731,0.9792454
2732,0.9792454
2733,0.9792454
2734,0.9792454
2735,0.9792454
2736,0.9792454
2737,0.9792454
2738,0.9792454
2739,0.9792454
2740,0.9792454
2741,0.9792454
2742,0.9792454
2743,0.9792454
2744,0.9792454
2745,0.9792454
2746,0.9792454
2747,0.9792454
2748,0.9792454
2749,0.9792454
2750,0.9792454
2751,0.9792454
2752,0.9792454
2753,0.9792454
2754,0.9792454
2755,0.9792454
2756,0.9792454
2757,0.9792454
2758,0.9792454
2759,0.9792454
2760,0.9792454
2761,0.9792454
2762,0.9792454
2763,0.9792454
2764,0.9792454
2765,0.9792454
2766,0.9792454
2767,0.9792454
2768,0.9792454
2769,0.9792454
2770,0.9792454
2771,0.9792454
2772,0.9792454
2773,0.9792454
2774,0.9792454
2775,0.9792454
2776,0.9792454
2777,0.9792454
2778,0.9792454
2779,0.9792454
2780,0.9792454
2781,0.9792454
2782,0.9792454
2783,0.9792454
2784,0.9792454
2785,0.9792454
2786,0.9792454
2787,0.9792454
2788,0.9792454
2789,0.9792454
2790,0.9792454
2791,0.9792454
2792,0.9792454
2793,0.9792454
2794,0.9792454
2795,0.9792454
2796,0.9792454
2797,0.9792454
2798,0.9792454
2799,0.9792454
2800,0.9792454
2801,0.9792454
2802,0.9792454
2803,0.9792454
2804,0.9792454
2805,0.9792454
2806,0.9792454
2807,0.9792454
2808,0.9792454
2809,0.9792454
2810,0.9792454
2811,0.9792454
2812,0.9792454
2813,0.9792454
2814,0.9792454
2815,0.9792454
2816,0.9792454
2817,0.9792454
2818,0.9792454
2819,0.9792454
2820,0.9792454
2821,0.9792454
2822,0.9792454
2823,0.9792454
2824,0.9792454
2825,0.9792454
2826,0.9792454
2827,0.9792454
2828,0.9792454
2829,0.9792454
2830,0.9792454
2831,0.9792454
2832,0.9792454
2833,0.9792454
2834,0.9792454
2835,0.9792454
2836,0.9792454
2837,0.9792454
2838,0.9792454
2839,0.9792454
2840,0.9792454
2841,0.9792454
2842,0.9792454
2843,0.9792454
2844,0.9792454
2845,0.9792454
2846,0.9792454
2847,0.9792454
2848,0.9792454
2849,0.9792454
2850,0.9792454
2851,0.9792454
2852,0.9792454
2853,0.9792454
2854,0.9792454
2855,0.9792454
2856,0.9792454
2857,0.9792454
2858,0.9792454
2859,0.9792454
2860,0.9792454
2861,0.9792454
2862,0.9792454
2863,0.9792454
2864,0.9792454
2865,0.9792454
2866,0.9792454
2867,0.9792454
2868,0.9792454
2869,0.9792454
2870,0.9792454
2871,0.9792454
2872,0.9792454
2873,0.9792454
2874,0.9792454
2875,0.9792454
2876,0.9792454
2877,0.9792454
2878,0.9792454
2879,0.9792454
2880,0.9792454
2881,0.9792454
2882,0.9792454
2883,0.9792454
2884,0.9792454
2885,0.9792454
2886,0.9792454
2887,0.9792454
2888,0.9792454
2889,0.9792454
2890,0.9792454
2891,0.9792454
2892,0.9792454
2893,0.9792454
2894,0.9792454
2895,0.9792454
2896,0.9792454
2897,0.9792454
2898,0.9792454
2899,0.9792454
2900,0.9792454
2901,0.9792454
2902,0.9792454
2903,0.9792454
2904,0.9792454
2905,0.9792454
2906,0.9792454
2907,0.9792454
2908,0.9792454
2909,0.9792454
2910,0.9792454
2911,0.9792454
2912,0.9792454
2913,0.9792454
2914,0.9792454
2915,0.9792454
2916,0.9792454
2917,0.9792454
2918,0.9792454
2919,0.9792454
2920,0.9792454
2921,0.9792454
2922,0.9792454
2923,0.9792454
2924,0.9792454
2925,0.9792454
2926,0.9792454
2927,0.9792454
2928,0.9792454
2929,0.9792454
2930,0.9792454
2931,0.9792454
2932,0.9792454
2933,0.9792454
2934,0.9792454
2935,0.9792454
2936,0.9792454
2937,0.9792454
2938,0.9792454
2939,0.9792454
2940,0.9792454
2941,0.9792454
2942,0.9792454
2943,0.9792454
2944,0.9792454
2945,0.9792454
2946,0.9792454
2947,0.9792454
2948,0.9792454
2949,0.9792454
2950,0.9792454
2951,0.9792454
2952,0.9792454
2953,0.9792454
2954,0.9792454
2955,0.9792454
2956,0.9792454
2957,0.9792454
2958,0.9792454
2959,0.9792454
2960,0.9792454
2961,0.9792454
2962,0.9792454
2963,0.9792454
2964,0.9792454
2965,0.9792454
2966,0.9792454
2967,0.9792454
2968,0.9792454
2969,0.9792454
2970,0.9792454
2971,0.9792454
2972,0.9792454
2973,0.9792454
2974,0.9792454
2975,0.9792454
2976,0.9792454
2977,0.9792454
2978,0.9792454
2979,0.9792454
2980,0.9792454
2981,0.9792454
2982,0.9792454
2983,0.9792454
2984,0.9792454
2985,0.9792454
2986,0.9792454
2987,0.9792454
2988,0.9792454
2989,0.9792454
2990,0.9792454
2991,0.9792454
2992,0.9792454
2993,0.9792454
2994,0.9792454
2995,0.9792454
2996,0.9792454
2997,0.9792454
2998,0.9792454
2999,0.9792454
3000,0.9792454
3001,0.9792454
3002,0.9792454
3003,0.9792454
3004,0.9792454
3005,0.9792454
3006,0.9792454
3007,0.9792454
3008,0.9792454
3009,0.9792454
3010,0.9792454
3011,0.9792454
3012,0.9792454
3013,0.9792454
3014,0.9792454
3015,0.9792454
3016,0.9792454
3017,0.9792454
3018,0.9792454
3019,0.9792454
3020,0.9792454
3021,0.9792454
3022,0.9792454
3023,0.9792454
3024,0.9792454
3025,0.9792454
3026,0.9792454
3027,0.9792454
3028,0.9792454
3029,0.9792454
3030,0.9792454
3031,0.9792454
3032,0.9792454
3033,0.9792454
3034,0.9792454
3035,0.9792454
3036,0.9792454
3037,0.9792454
3038,0.9792454
3039,0.9792454
3040,0.9792454
3041,0.9792454
3042,0.9792454
3043,0.9792454
3044,0.9792454
3045,0.9792454
3046,0.9792454
3047,0.9792454
3048,0.9792454
3049,0.9792454
3050,0.9792454
3051,0.9792454
3052,0.9792454
3053,0.9792454
3054,0.9792454
3055,0.9792454
3056,0.9792454
3057,0.9792454
3058,0.9792454
3059,0.9792454
3060,0.9792454
3061,0.9792454
3062,0.9792454
3063,0.9792454
3064,0.9792454
3065,0.9792454
3066,0.9792454
3067,0.9792454
3068,0.9792454
3069,0.9792454
3070,0.9792454
3071,0.9792454
3072,0.9792454
3073,0.9792454
3074,0.9792454
3075,0.9792454
3076,0.9792454
3077,0.9792454
3078,0.9792454
3079,0.9792454
3080,0.9792454
3081,0.9792454
3082,0.9792454
3083,0.9792454
3084,0.9792454
3085,0.9792454
3086,0.9792454
3087,0.9792454
3088,0.9792454
3089,0.9792454
3090,0.9792454
3091,0.9792454
3092,0.9792454
3093,0.9792454
3094,0.9792454
3095,0.9792454
3096,0.9792454
3097,0.9792454
3098,0.9792454
3099,0.9792454
3100,0.9792454
3101,0.9792454
3102,0.9792454
3103,0.9792454
3104,0.9792454
3105,0.9792454
3106,0.9792454
3107,0.9792454
3108,0.9792454
3109,0.9792454
3110,0.9792454
3111,0.9792454
3112,0.9792454
3113,0.9792454
3114,0.9792454
3115,0.9792454
3116,0.9792454
3117,0.9792454
3118,0.9792454
3119,0.9792454
3120,0.9792454
3121,0.9792454
3122,0.9792454
3123,0.9792454
3124,0.9792454
3125,0.9792454
3126,0.9792454
3127,0.9792454
3128,0.9792454
3129,0.9792454
3130,0.9792454
3131,0.9792454
3132,0.9792454
3133,0.9792454
3134,0.9792454
3135,0.9792454
3136,0.9792454
3137,0.9792454
3138,0.9792454
3139,0.9792454
3140,0.9792454
3141,0.9792454
3142,0.9792454
3143,0.9792454
3144,0.9792454
3145,0.9792454
3146,0.9792454
3147,0.9792454
3148,0.9792454
3149,0.9792454
3150,0.9792454
3151,0.9792454
3152,0.9792454
3153,0.9792454
3154,0.9792454
3155,0.9792454
3156,0.9792454
3157,0.9792454
3158,0.9792454
3159,0.9792454
3160,0.9792454
3161,0.9792454
3162,0.9792454
3163,0.9792454
3164,0.9792454
3165,0.9792454
3166,0.9792454
3167,0.9792454
3168,0.9792454
3169,0.9792454
3170,0.9792454
3171,0.9792454
3172,0.9792454
3173,0.9792454
3174,0.9792454
3175,0.9792454
3176,0.9792454
3177,0.9792454
3178,0.9792454
3179,0.9792454
3180,0.9792454
3181,0.9792454
3182,0.9792454
3183,0.9792454
3184,0.9792454
3185,0.9792454
3186,0.9792454
3187,0.9792454
3188,0.9792454
3189,0.9792454
3190,0.9792454
3191,0.9792454
3192,0.9792454
3193,0.9792454
3194,0.9792454
3195,0.9792454
3196,0.9792454
3197,0.9792454
3198,0.9792454
3199,0.9792454
3200,0.9792454
3201,0.9792454
3202,0.9792454
3203,0.9792454
3204,0.9792454
3205,0.9792454
3206,0.9792454
3207,0.9792454
3208,0.9792454
3209,0.9792454
3210,0.9792454
3211,0.9792454
3212,0.9792454
3213,0.9792454
3214,0.9792454
3215,0.9792454
3216,0.9792454
3217,0.9792454
3218,0.9792454
3219,0.9792454
3220,0.9792454
3221,0.9792454
3222,0.9792454
3223,0.9792454
3224,0.9792454
3225,0.9792454
3226,0.9792454
3227,0.9792454
3228,0.9792454
3229,0.9792454
3230,0.9792454
3231,0.9792454
3232,0.9792454
3233,0.9792454
3234,0.9792454
3235,0.9792454
3236,0.9792454
3237,0.9792454
3238,0.9792454
3239,0.9792454
3240,0.9792454
3241,0.9792454
3242,0.9792454
3243,0.9792454
3244,0.9792454
3245,0.9792454
3246,0.9792454
3247,0.9792454
3248,0.9792454
3249,0.9792454
3250,0.9792454
3251,0.9792454
3252,0.9792454
3253,0.9792454
3254,0.9792454
3255,0.9792454
3256,0.9792454
3257,0.9792454
3258,0.9792454
3259,0.9792454
3260,0.9792454
3261,0.9792454
3262,0.9792454
3263,0.9792454
3264,0.9792454
3265,0.9792454
3266,0.9792454
3267,0.9792454
3268,0.9792454
3269,0.9792454
3270,0.9792454
3271,0.9792454
3272,0.9792454
3273,0.9792454
3274,0.9792454
3275,0.9792454
3276,0.9792454
3277,0.9792454
3278,0.9792454
3279,0.9792454
3280,0.9792454
3281,0.9792454
3282,0.9792454
3283,0.9792454
3284,0.9792454
3285,0.9792454
3286,0.9792454
3287,0.9792454
3288,0.9792454
3289,0.9792454
3290,0.9792454
3291,0.9792454
3292,0.9792454
3293,0.9792454
3294,0.9792454
3295,0.9792454
3296,0.9792454
3297,0.9792454
3298,0.9792454
3299,0.9792454
3300,0.9792454
3301,0.9792454
3302,0.9792454
3303,0.9792454
3304,0.9792454
3305,0.9792454
3306,0.9792454
3307,0.9792454
3308,0.9792454
3309,0.9792454
3310,0.9792454
3311,0.9792454
3312,0.9792454
3313,0.9792454
3314,0.9792454
3315,0.9792454
3316,0.9792454
3317,0.9792454
3318,0.9792454
3319,0.9792454
3320,0.9792454
3321,0.9792454
3322,0.9792454
3323,0.9792454
3324,0.9792454
3325,0.9792454
3326,0.9792454
3327,0.9792454
3328,0.9792454
3329,0.9792454
3330,0.9792454
3331,0.9792454
3332,0.9792454
3333,0.9792454
3334,0.9792454
3335,0.9792454
3336,0.9792454
3337,0.9792454
3338,0.9792454
3339,0.9792454
3340,0.9792454
3341,0.9792454
3342,0.9792454
3343,0.9792454
3344,0.9792454
3345,0.9792454
3346,0.9792454
3347,0.9792454
3348,0.9792454
3349,0.9792454
3350,0.9792454
3351,0.9792454
3352,0.9792454
3353,0.9792454
3354,0.9792454
3355,0.9792454
3356,0.9792454
3357,0.9792454
3358,0.9792454
3359,0.9792454
3360,0.9792454
3361,0.9792454
3362,0.9792454
3363,0.9792454
3364,0.9792454
3365,0.9792454
3366,0.9792454
3367,0.9792454
3368,0.9792454
3369,0.9792454
3370,0.9792454
3371,0.9792454
3372,0.9792454
3373,0.9792454
3374,0.9792454
3375,0.9792454
3376,0.9792454
3377,0.9792454
3378,0.9792454
3379,0.9792454
3380,0.9792454
3381,0.9792454
3382,0.9792454
3383,0.9792454
3384,0.9792454
3385,0.9792454
3386,0.9792454
3387,0.9792454
3388,0.9792454
3389,0.9792454
3390,0.9792454
3391,0.9792454
3392,0.9792454
3393,0.9792454
3394,0.9792454
3395,0.9792454
3396,0.9792454
3397,0.9792454
3398,0.9792454
3399,0.9792454
3400,0.9792454
3401,0.9792454
3402,0.9792454
3403,0.9792454
3404,0.9792454
3405,0.9792454
3406,0.9792454
3407,0.9792454
3408,0.9792454
3409,0.9792454
3410,0.9792454
3411,0.9792454
3412,0.9792454
3413,0.9792454
3414,0.9792454
3415,0.9792454
3416,0.9792454
3417,0.9792454
3418,0.9792454
3419,0.9792454
3420,0.9792454
3421,0.9792454
3422,0.9792454
3423,0.9792454
3424,0.9792454
3425,0.9792454
3426,0.9792454
3427,0.9792454
3428,0.9792454
3429,0.9792454
3430,0.9792454
3431,0.9792454
3432,0.9792454
3433,0.9792454
3434,0.9792454
3435,0.9792454
3436,0.9792454
3437,0.9792454
3438,0.9792454
3439,0.9792454
3440,0.9792454
3441,0.9792454
3442,0.9792454
3443,0.9792454
3444,0.9792454
3445,0.9792454
3446,0.9792454
3447,0.9792454
3448,0.9792454
3449,0.9792454
3450,0.9792454
3451,0.9792454
3452,0.9792454
3453,0.9792454
3454,0.9792454
3455,0.9792454
3456,0.9792454
3457,0.9792454
3458,0.9792454
3459,0.9792454
3460,0.9792454
3461,0.9792454
3462,0.9792454
3463,0.9792454
3464,0.9792454
3465,0.9792454
3466,0.9792454
3467,0.9792454
3468,0.9792454
3469,0.9792454
3470,0.9792454
3471,0.9792454
3472,0.9792454
3473,0.9792454
3474,0.9792454
3475,0.9792454
3476,0.9792454
3477,0.9792454
3478,0.9792454
3479,0.9792454
3480,0.9792454
3481,0.9792454
3482,0.9792454
3483,0.9792454
3484,0.9792454
3485,0.9792454
3486,0.9792454
3487,0.9792454
3488,0.9792454
3489,0.9792454
3490,0.9792454
3491,0.9792454
3492,0.9792454
3493,0.9792454
3494,0.9792454
3495,0.9792454
3496,0.9792454
3497,0.9792454
3498,0.9792454
3499,0.9792454
3500,0.9792454
3501,0.9792454
3502,0.9792454
3503,0.9792454
3504,0.9792454
3505,0.9792454
3506,0.9792454
3507,0.9792454
3508,0.9792454
3509,0.9792454
3510,0.9792454
3511,0.9792454
3512,0.9792454
3513,0.9792454
3514,0.9792454
3515,0.9792454
3516,0.9792454
3517,0.9792454
3518,0.9792454
3519,0.9792454
3520,0.9792454
3521,0.9792454
3522,0.9792454
3523,0.9792454
3524,0.9792454
3525,0.9792454
3526,0.9792454
3527,0.9792454
3528,0.9792454
3529,0.9792454
3530,0.9792454
3531,0.9792454
3532,0.9792454
3533,0.9792454
3534,0.9792454
3535,0.9792454
3536,0.9792454
3537,0.9792454
3538,0.9792454
3539,0.9792454
3540,0.9792454
3541,0.9792454
3542,0.9792454
3543,0.9792454
3544,0.9792454
3545,0.9792454
3546,0.9792454
3547,0.9792454
3548,0.9792454
3549,0.9792454
3550,0.9792454
3551,0.9792454
3552,0.9792454
3553,0.9792454
3554,0.9792454
3555,0.9792454
3556,0.9792454
3557,0.9792454
3558,0.9792454
3559,0.9792454
3560,0.9792454
3561,0.9792454
3562,0.9792454
3563,0.9792454
3564,0.9792454
3565,0.9792454
3566,0.9792454
3567,0.9792454
3568,0.9792454
3569,0.9792454
3570,0.9792454
3571,0.9792454
3572,0.9792454
3573,0.9792454
3574,0.9792454
3575,0.9792454
3576,0.9792454
3577,0.9792454
3578,0.9792454
3579,0.9792454
3580,0.9792454
3581,0.9792454
3582,0.9792454
3583,0.9792454
3584,0.9792454
3585,0.9792454
3586,0.9792454
3587,0.9792454
3588,0.9792454
3589,0.9792454
3590,0.9792454
3591,0.9792454
3592,0.9792454
3593,0.9792454
3594,0.9792454
3595,0.9792454
3596,0.9792454
3597,0.9792454
3598,0.9792454
3599,0.9792454
3600,0.9792454
3601,0.9792454
3602,0.9792454
3603,0.9792454
3604,0.9792454
3605,0.9792454
3606,0.9792454
3607,0.9792454
3608,0.9792454
3609,0.9792454
3610,0.9792454
3611,0.9792454
3612,0.9792454
3613,0.9792454
3614,0.9792454
3615,0.9792454
3616,0.9792454
3617,0.9792454
3618,0.9792454
3619,0.9792454
3620,0.9792454
3621,0.9792454
3622,0.9792454
3623,0.9792454
3624,0.9792454
3625,0.9792454
3626,0.9792454
3627,0.9792454
3628,0.9792454
3629,0.9792454
3630,0.9792454
3631,0.9792454
3632,0.9792454
3633,0.9792454
3634,0.9792454
3635,0.9792454
3636,0.9792454
3637,0.9792454
3638,0.9792454
3639,0.9792454
3640,0.9792454
3641,0.9792454
3642,0.9792454
3643,0.9792454
3644,0.9792454
3645,0.9792454
3646,0.9792454
3647,0.9792454
3648,0.9792454
3649,0.9792454
3650,0.9792454
3651,0.9792454
3652,0.9792454
3653,0.9792454
3654,0.9792454
3655,0.9792454
3656,0.9792454
3657,0.9792454
3658,0.9792454
3659,0.9792454
3660,0.9792454
3661,0.9792454
3662,0.9792454
3663,0.9792454
3664,0.9792454
3665,0.9792454
3666,0.9792454
3667,0.9792454
3668,0.9792454
3669,0.9792454
3670,0.9792454
3671,0.9792454
3672,0.9792454
3673,0.9792454
3674,0.9792454
3675,0.9792454
3676,0.9792454
3677,0.9792454
3678,0.9792454
3679,0.9792454
3680,0.9792454
3681,0.9792454
3682,0.9792454
3683,0.9792454
3684,0.9792454
3685,0.9792454
3686,0.9792454
3687,0.9792454
3688,0.9792454
3689,0.9792454
3690,0.9792454
3691,0.9792454
3692,0.9792454
3693,0.9792454
3694,0.9792454
3695,0.9792454
3696,0.9792454
3697,0.9792454
3698,0.9792454
3699,0.9792454
3700,0.9792454
3701,0.9792454
3702,0.9792454
3703,0.9792454
3704,0.9792454
3705,0.9792454
3706,0.9792454
3707,0.9792454
3708,0.9792454
3709,0.9792454
3710,0.9792454
3711,0.9792454
3712,0.9792454
3713,0.9792454
3714,0.9792454
3715,0.9792454
3716,0.9792454
3717,0.9792454
3718,0.9792454
3719,0.9792454
3720,0.9792454
3721,0.9792454
3722,0.9792454
3723,0.9792454
3724,0.9792454
3725,0.9792454
3726,0.9792454
3727,0.9792454
3728,0.9792454
3729,0.9792454
3730,0.9792454
3731,0.9792454
3732,0.9792454
3733,0.9792454
3734,0.9792454
3735,0.9792454
3736,0.9792454
3737,0.9792454
3738,0.9792454
3739,0.9792454
3740,0.9792454
3741,0.9792454
3742,0.9792454
3743,0.9792454
3744,0.9792454
3745,0.9792454
3746,0.9792454
3747,0.9792454
3748,0.9792454
3749,0.9792454
3750,0.9792454
3751,0.9792454
3752,0.9792454
3753,0.9792454
3754,0.9792454
3755,0.9792454
3756,0.9792454
3757,0.9792454
3758,0.9792454
3759,0.9792454
3760,0.9792454
3761,0.9792454
3762,0.9792454
3763,0.9792454
3764,0.9792454
3765,0.9792454
3766,0.9792454
3767,0.9792454
3768,0.9792454
3769,0.9792454
3770,0.9792454
3771,0.9792454
3772,0.9792454
3773,0.9792454
3774,0.9792454
3775,0.9792454
3776,0.9792454
3777,0.9792454
3778,0.9792454
3779,0.9792454
3780,0.9792454
3781,0.9792454
3782,0.9792454
3783,0.9792454
3784,0.9792454
3785,0.9792454
3786,0.9792454
3787,0.9792454
3788,0.9792454
3789,0.9792454
3790,0.9792454
3791,0.9792454
3792,0.9792454
3793,0.9792454
3794,0.9792454
3795,0.9792454
3796,0.9792454
3797,0.9792454
3798,0.9792454
3799,0.9792454
3800,0.9792454
3801,0.9792454
3802,0.9792454
3803,0.9792454
3804,0.9792454
3805,0.9792454
3806,0.9792454
3807,0.9792454
3808,0.9792454
3809,0.9792454
3810,0.9792454
3811,0.9792454
3812,0.9792454
3813,0.9792454
3814,0.9792454
3815,0.9792454
3816,0.9792454
3817,0.9792454
3818,0.9792454
3819,0.9792454
3820,0.9792454
3821,0.9792454
3822,0.9792454
3823,0.9792454
3824,0.9792454
3825,0.9792454
3826,0.9792454
3827,0.9792454
3828,0.9792454
3829,0.9792454
3830,0.9792454
3831,0.9792454
3832,0.9792454
3833,0.9792454
3834,0.9792454
3835,0.9792454
3836,0.9792454
3837,0.9792454
3838,0.9792454
3839,0.9792454
3840,0.9792454
3841,0.9792454
3842,0.9792454
3843,0.9792454
3844,0.9792454
3845,0.9792454
3846,0.9792454
3847,0.9792454
3848,0.9792454
3849,0.9792454
3850,0.9792454
3851,0.9792454
3852,0.9792454
3853,0.9792454
3854,0.9792454
3855,0.9792454
3856,0.9792454
3857,0.9792454
3858,0.9792454
3859,0.9792454
3860,0.9792454
3861,0.9792454
3862,0.9792454
3863,0.9792454
3864,0.9792454
3865,0.9792454
3866,0.9792454
3867,0.9792454
3868,0.9792454
3869,0.9792454
3870,0.9792454
3871,0.9792454
3872,0.9792454
3873,0.9792454
3874,0.9792454
3875,0.9792454
3876,0.9792454
3877,0.9792454
3878,0.9792454
3879,0.9792454
3880,0.9792454
3881,0.9792454
3882,0.9792454
3883,0.9792454
3884,0.9792454
3885,0.9792454
3886,0.9792454
3887,0.9792454
3888,0.9792454
3889,0.9792454
3890,0.9792454
3891,0.9792454
3892,0.9792454
3893,0.9792454
3894,0.9792454
3895,0.9792454
3896,0.9792454
3897,0.9792454
3898,0.9792454
3899,0.9792454
3900,0.9792454
3901,0.9792454
3902,0.9792454
3903,0.9792454
3904,0.9792454
3905,0.9792454
3906,0.9792454
3907,0.9792454
3908,0.9792454
3909,0.9792454
3910,0.9792454
3911,0.9792454
3912,0.9792454
3913,0.9792454
3914,0.9792454
3915,0.9792454
3916,0.9792454
3917,0.9792454
3918,0.9792454
3919,0.9792454
3920,0.9792454
3921,0.9792454
3922,0.9792454
3923,0.9792454
3924,0.9792454
3925,0.9792454
3926,0.9792454
3927,0.9792454
3928,0.9792454
3929,0.9792454
3930,0.9792454
3931,0.9792454
3932,0.9792454
3933,0.9792454
3934,0.9792454
3935,0.9792454
3936,0.9792454
3937,0.9792454
3938,0.9792454
3939,0.9792454
3940,0.9792454
3941,0.9792454
3942,0.9792454
3943,0.9792454
3944,0.9792454
3945,0.9792454
3946,0.9792454
3947,0.9792454
3948,0.9792454
3949,0.9792454
3950,0.9792454
3951,0.9792454
3952,0.9792454
3953,0.9792454
3954,0.9792454
3955,0.9792454
3956,0.9792454
3957,0.9792454
3958,0.9792454
3959,0.9792454
3960,0.9792454
3961,0.9792454
3962,0.9792454
3963,0.9792454
3964,0.9792454
3965,0.9792454
3966,0.9792454
3967,0.9792454
3968,0.9792454
3969,0.9792454
3970,0.9792454
3971,0.9792454
3972,0.9792454
3973,0.9792454
3974,0.9792454
3975,0.9792454
3976,0.9792454
3977,0.9792454
3978,0.9792454
3979,0.9792454
3980,0.9792454
3981,0.9792454
3982,0.9792454
3983,0.9792454
3984,0.9792454
3985,0.9792454
3986,0.9792454
3987,0.9792454
3988,0.9792454
3989,0.9792454
3990,0.9792454
3991,0.9792454
3992,0.9792454
3993,0.9792454
3994,0.9792454
3995,0.9792454
3996,0.9792454
3997,0.9792454
3998,0.9792454
3999,0.9792454
4000,0.9792454
4001,0.9792454
4002,0.9792454
4003,0.9792454
4004,0.9792454
4005,0.9792454
4006,0.9792454
4007,0.9792454
4008,0.9792454
4009,0.9792454
4010,0.9792454
4011,0.9792454
4012,0.9792454
4013,0.9792454
4014,0.9792454
4015,0.9792454
4016,0.9792454
4017,0.9792454
4018,0.9792454
4019,0.9792454
4020,0.9792454
4021,0.9792454
4022,0.9792454
4023,0.9792454
4024,0.9792454
4025,0.9792454
4026,0.9792454
4027,0.9792454
4028,0.9792454
4029,0.9792454
4030,0.9792454
4031,0.9792454
4032,0.9792454
4033,0.9792454
4034,0.9792454
4035,0.9792454
4036,0.9792454
4037,0.9792454
4038,0.9792454
4039,0.9792454
4040,0.9792454
4041,0.9792454
4042,0.9792454
4043,0.9792454
4044,0.9792454
4045,0.9792454
4046,0.9792454
4047,0.9792454
4048,0.9792454
4049,0.9792454
4050,0.9792454
4051,0.9792454
4052,0.9792454
4053,0.9792454
4054,0.9792454
4055,0.9792454
4056,0.9792454
4057,0.9792454
4058,0.9792454
4059,0.9792454
4060,0.9792454
4061,0.9792454
4062,0.9792454
4063,0.9792454
4064,0.9792454
4065,0.9792454
4066,0.9792454
4067,0.9792454
4068,0.9792454
4069,0.9792454
4070,0.9792454
4071,0.9792454
4072,0.9792454
4073,0.9792454
4074,0.9792454
4075,0.9792454
4076,0.9792454
4077,0.9792454
4078,0.9792454
4079,0.9792454
4080,0.9792454
4081,0.9792454
4082,0.9792454
4083,0.9792454
4084,0.9792454
4085,0.9792454
4086,0.9792454
4087,0.9792454
4088,0.9792454
4089,0.9792454
4090,0.9792454
4091,0.9792454
4092,0.9792454
4093,0.9792454
4094,0.9792454
4095,0.9792454
4096,0.9792454
4097,0.9792454
4098,0.9792454
4099,0.9792454
4100,0.9792454
4101,0.9792454
4102,0.9792454
4103,0.9792454
4104,0.9792454
4105,0.9792454
4106,0.9792454
4107,0.9792454
4108,0.9792454
4109,0.9792454
4110,0.9792454
4111,0.9792454
4112,0.9792454
4113,0.9792454
4114,0.9792454
4115,0.9792454
4116,0.9792454
4117,0.9792454
4118,0.9792454
4119,0.9792454
4120,0.9792454
4121,0.9792454
4122,0.9792454
4123,0.9792454
4124,0.9792454
4125,0.9792454
4126,0.9792454
4127,0.9792454
4128,0.9792454
4129,0.9792454
4130,0.9792454
4131,0.9792454
4132,0.9792454
4133,0.9792454
4134,0.9792454
4135,0.9792454
4136,0.9792454
4137,0.9792454
4138,0.9792454
4139,0.9792454
4140,0.9792454
4141,0.9792454
4142,0.9792454
4143,0.9792454
4144,0.9792454
4145,0.9792454
4146,0.9792454
4147,0.9792454
4148,0.9792454
4149,0.9792454
4150,0.9792454
4151,0.9792454
4152,0.9792454
4153,0.9792454
4154,0.9792454
4155,0.9792454
4156,0.9792454
4157,0.9792454
4158,0.9792454
4159,0.9792454
4160,0.9792454
4161,0.9792454
4162,0.9792454
4163,0.9792454
4164,0.9792454
4165,0.9792454
4166,0.9792454
4167,0.9792454
4168,0.9792454
4169,0.9792454
4170,0.9792454
4171,0.9792454
4172,0.9792454
4173,0.9792454
4174,0.9792454
4175,0.9792454
4176,0.9792454
4177,0.9792454
4178,0.9792454
4179,0.9792454
4180,0.9792454
4181,0.9792454
4182,0.9792454
4183,0.9792454
4184,0.9792454
4185,0.9792454
4186,0.9792454
4187,0.9792454
4188,0.9792454
4189,0.9792454
4190,0.9792454
4191,0.9792454
4192,0.9792454
4193,0.9792454
4194,0.9792454
4195,0.9792454
4196,0.9792454
4197,0.9792454
4198,0.9792454
4199,0.9792454
4200,0.9792454
4201,0.9792454
4202,0.9792454
4203,0.9792454
4204,0.9792454
4205,0.9792454
4206,0.9792454
4207,0.9792454
4208,0.9792454
4209,0.9792454
4210,0.9792454
4211,0.9792454
4212,0.9792454
4213,0.9792454
4214,0.9792454
4215,0.9792454
4216,0.9792454
4217,0.9792454
4218,0.9792454
4219,0.9792454
4220,0.9792454
4221,0.9792454
4222,0.9792454
4223,0.9792454
4224,0.9792454
4225,0.9792454
4226,0.9792454
4227,0.9792454
4228,0.9792454
4229,0.9792454
4230,0.9792454
4231,0.9792454
4232,0.9792454
4233,0.9792454
4234,0.9792454
4235,0.9792454
4236,0.9792454
4237,0.9792454
4238,0.9792454
4239,0.9792454
4240,0.9792454
4241,0.9792454
4242,0.9792454
4243,0.9792454
4244,0.9792454
4245,0.9792454
4246,0.9792454
4247,0.9792454
4248,0.9792454
4249,0.9792454
4250,0.9792454
4251,0.9792454
4252,0.9792454
4253,0.9792454
4254,0.9792454
4255,0.9792454
4256,0.9792454
4257,0.9792454
4258,0.9792454
4259,0.9792454
4260,0.9792454
4261,0.9792454
4262,0.9792454
4263,0.9792454
4264,0.9792454
4265,0.9792454
4266,0.9792454
4267,0.9792454
4268,0.9792454
4269,0.9792454
4270,0.9792454
4271,0.9792454
4272,0.9792454
4273,0.9792454
4274,0.9792454
4275,0.9792454
4276,0.9792454
4277,0.9792454
4278,0.9792454
4279,0.9792454
4280,0.9792454
4281,0.9792454
4282,0.9792454
4283,0.9792454
4284,0.9792454
4285,0.9792454
4286,0.9792454
4287,0.9792454
4288,0.9792454
4289,0.9792454
4290,0.9792454
4291,0.9792454
4292,0.9792454
4293,0.9792454
4294,0.9792454
4295,0.9792454
4296,0.9792454
4297,0.9792454
4298,0.9792454
4299,0.9792454
4300,0.9792454
4301,0.9792454
4302,0.9792454
4303,0.9792454
4304,0.9792454
4305,0.9792454
4306,0.9792454
4307,0.9792454
4308,0.9792454
4309,0.9792454
4310,0.9792454
4311,0.9792454
4312,0.9792454
4313,0.9792454
4314,0.9792454
4315,0.9792454
4316,0.9792454
4317,0.9792454
4318,0.9792454
4319,0.9792454
4320,0.9792454
4321,0.9792454
4322,0.9792454
4323,0.9792454
4324,0.9792454
4325,0.9792454
4326,0.9792454
4327,0.9792454
4328,0.9792454
4329,0.9792454
4330,0.9792454
4331,0.9792454
4332,0.9792454
4333,0.9792454
4334,0.9792454
4335,0.9792454
4336,0.9792454
4337,0.9792454
4338,0.9792454
4339,0.9792454
4340,0.9792454
4341,0.9792454
4342,0.9792454
4343,0.9792454
4344,0.9792454
4345,0.9792454
4346,0.9792454
4347,0.9792454
4348,0.9792454
4349,0.9792454
4350,0.9792454
4351,0.9792454
4352,0.9792454
4353,0.9792454
4354,0.9792454
4355,0.9792454
4356,0.9792454
4357,0.9792454
4358,0.9792454
4359,0.9792454
4360,0.9792454
4361,0.9792454
4362,0.9792454
4363,0.9792454
4364,0.9792454
4365,0.9792454
4366,0.9792454
4367,0.9792454
4368,0.9792454
4369,0.9792454
4370,0.9792454
4371,0.9792454
4372,0.9792454
4373,0.9792454
4374,0.9792454
4375,0.9792454
4376,0.9792454
4377,0.9792454
4378,0.9792454
4379,0.9792454
4380,0.9792454
4381,0.9792454
4382,0.9792454
4383,0.9792454
4384,0.9792454
4385,0.9792454
4386,0.9792454
4387,0.9792454
4388,0.9792454
4389,0.9792454
4390,0.9792454
4391,0.9792454
4392,0.9792454
4393,0.9792454
4394,0.9792454
4395,0.9792454
4396,0.9792454
4397,0.9792454
4398,0.9792454
4399,0.9792454
4400,0.9792454
4401,0.9792454
4402,0.9792454
4403,0.9792454
4404,0.9792454
4405,0.9792454
4406,0.9792454
4407,0.9792454
4408,0.9792454
4409,0.9792454
4410,0.9792454
4411,0.9792454
4412,0.9792454
4413,0.9792454
4414,0.9792454
4415,0.9792454
4416,0.9792454
4417,0.9792454
4418,0.9792454
4419,0.9792454
4420,0.9792454
4421,0.9792454
4422,0.9792454
4423,0.9792454
4424,0.9792454
4425,0.9792454
4426,0.9792454
4427,0.9792454
4428,0.9792454
4429,0.9792454
4430,0.9792454
4431,0.9792454
4432,0.9792454
4433,0.9792454
4434,0.9792454
4435,0.9792454
4436,0.9792454
4437,0.9792454
4438,0.9792454
4439,0.9792454
4440,0.9792454
4441,0.9792454
4442,0.9792454
4443,0.9792454
4444,0.9792454
4445,0.9792454
4446,0.9792454
4447,0.9792454
4448,0.9792454
4449,0.9792454
4450,0.9792454
4451,0.9792454
4452,0.9792454
4453,0.9792454
4454,0.9792454
4455,0.9792454
4456,0.9792454
4457,0.9792454
4458,0.9792454
4459,0.9792454
4460,0.9792454
4461,0.9792454
4462,0.9792454
4463,0.9792454
4464,0.9792454
4465,0.9792454
4466,0.9792454
4467,0.9792454
4468,0.9792454
4469,0.9792454
4470,0.9792454
4471,0.9792454
4472,0.9792454
4473,0.9792454
4474,0.9792454
4475,0.9792454
4476,0.9792454
4477,0.9792454
4478,0.9792454
4479,0.9792454
4480,0.9792454
4481,0.9792454
4482,0.9792454
4483,0.9792454
4484,0.9792454
4485,0.9792454
4486,0.9792454
4487,0.9792454
4488,0.9792454
4489,0.9792454
4490,0.9792454
4491,0.9792454
4492,0.9792454
4493,0.9792454
4494,0.9792454
4495,0.9792454
4496,0.9792454
4497,0.9792454
4498,0.9792454
4499,0.9792454
4500,0.9792454
4501,0.9792454
4502,0.9792454
4503,0.9792454
4504,0.9792454
4505,0.9792454
4506,0.9792454
4507,0.9792454
4508,0.9792454
4509,0.9792454
4510,0.9792454
4511,0.9792454
4512,0.9792454
4513,0.9792454
4514,0.9792454
4515,0.9792454
4516,0.9792454
4517,0.9792454
4518,0.9792454
4519,0.9792454
4520,0.9792454
4521,0.9792454
4522,0.9792454
4523,0.9792454
4524,0.9792454
4525,0.9792454
4526,0.9792454
4527,0.9792454
4528,0.9792454
4529,0.9792454
4530,0.9792454
4531,0.9792454
4532,0.9792454
4533,0.9792454
4534,0.9792454
4535,0.9792454
4536,0.9792454
4537,0.9792454
4538,0.9792454
4539,0.9792454
4540,0.9792454
4541,0.9792454
4542,0.9792454
4543,0.9792454
4544,0.9792454
4545,0.9792454
4546,0.9792454
4547,0.9792454
4548,0.9792454
4549,0.9792454
4550,0.9792454
4551,0.9792454
4552,0.9792454
4553,0.9792454
4554,0.9792454
4555,0.9792454
4556,0.9792454
4557,0.9792454
4558,0.9792454
4559,0.9792454
4560,0.9792454
4561,0.9792454
4562,0.9792454
4563,0.9792454
4564,0.9792454
4565,0.9792454
4566,0.9792454
4567,0.9792454
4568,0.9792454
4569,0.9792454
4570,0.9792454
4571,0.9792454
4572,0.9792454
4573,0.9792454
4574,0.9792454
4575,0.9792454
4576,0.9792454
4577,0.9792454
4578,0.9792454
4579,0.9792454
4580,0.9792454
4581,0.9792454
4582,0.9792454
4583,0.9792454
4584,0.9792454
4585,0.9792454
4586,0.9792454
4587,0.9792454
4588,0.9792454
4589,0.9792454
4590,0.9792454
4591,0.9792454
4592,0.9792454
4593,0.9792454
4594,0.9792454
4595,0.9792454
4596,0.9792454
4597,0.9792454
4598,0.9792454
4599,0.9792454
4600,0.9792454
4601,0.9792454
4602,0.9792454
4603,0.9792454
4604,0.9792454
4605,0.9792454
4606,0.9792454
4607,0.9792454
4608,0.9792454
4609,0.9792454
4610,0.9792454
4611,0.9792454
4612,0.9792454
4613,0.9792454
4614,0.9792454
4615,0.9792454
4616,0.9792454
4617,0.9792454
4618,0.9792454
4619,0.9792454
4620,0.9792454
4621,0.9792454
4622,0.9792454
4623,0.9792454
4624,0.9792454
4625,0.9792454
4626,0.9792454
4627,0.9792454
4628,0.9792454
4629,0.9792454
4630,0.9792454
4631,0.9792454
4632,0.9792454
4633,0.9792454
4634,0.9792454
4635,0.9792454
4636,0.9792454
4637,0.9792454
4638,0.9792454
4639,0.9792454
4640,0.9792454
4641,0.9792454
4642,0.9792454
4643,0.9792454
4644,0.9792454
4645,0.9792454
4646,0.9792454
4647,0.9792454
4648,0.9792454
4649,0.9792454
4650,0.9792454
4651,0.9792454
4652,0.9792454
4653,0.9792454
4654,0.9792454
4655,0.9792454
4656,0.9792454
4657,0.9792454
4658,0.9792454
4659,0.9792454
4660,0.9792454
4661,0.9792454
4662,0.9792454
4663,0.9792454
4664,0.9792454
4665,0.9792454
4666,0.9792454
4667,0.9792454
4668,0.9792454
4669,0.9792454
4670,0.9792454
4671,0.9792454
4672,0.9792454
4673,0.9792454
4674,0.9792454
4675,0.9792454
4676,0.9792454
4677,0.9792454
4678,0.9792454
4679,0.9792454
4680,0.9792454
4681,0.9792454
4682,0.9792454
4683,0.9792454
4684,0.9792454
4685,0.9792454
4686,0.9792454
4687,0.9792454
4688,0.9792454
4689,0.9792454
4690,0.9792454
4691,0.9792454
4692,0.9792454
4693,0.9792454
4694,0.9792454
4695,0.9792454
4696,0.9792454
4697,0.9792454
4698,0.9792454
4699,0.9792454
4700,0.9792454
4701,0.9792454
4702,0.9792454
4703,0.9792454
4704,0.9792454
4705,0.9792454
4706,0.9792454
4707,0.9792454
4708,0.9792454
4709,0.9792454
4710,0.9792454
4711,0.9792454
4712,0.9792454
4713,0.9792454
4714,0.9792454
4715,0.9792454
4716,0.9792454
4717,0.9792454
4718,0.9792454
4719,0.9792454
4720,0.9792454
4721,0.9792454
4722,0.9792454
4723,0.9792454
4724,0.9792454
4725,0.9792454
4726,0.9792454
4727,0.9792454
4728,0.9792454
4729,0.9792454
4730,0.9792454
4731,0.9792454
4732,0.9792454
4733,0.9792454
4734,0.9792454
4735,0.9792454
4736,0.9792454
4737,0.9792454
4738,0.9792454
4739,0.9792454
4740,0.9792454
4741,0.9792454
4742,0.9792454
4743,0.9792454
4744,0.9792454
4745,0.9792454
4746,0.9792454
4747,0.9792454
4748,0.9792454
4749,0.9792454
4750,0.9792454
4751,0.9792454
4752,0.9792454
4753,0.9792454
4754,0.9792454
4755,0.9792454
4756,0.9792454
4757,0.9792454
4758,0.9792454
4759,0.9792454
4760,0.9792454
4761,0.9792454
4762,0.9792454
4763,0.9792454
4764,0.9792454
4765,0.9792454
4766,0.9792454
4767,0.9792454
4768,0.9792454
4769,0.9792454
4770,0.9792454
4771,0.9792454
4772,0.9792454
4773,0.9792454
4774,0.9792454
4775,0.9792454
4776,0.9792454
4777,0.9792454
4778,0.9792454
4779,0.9792454
4780,0.9792454
4781,0.9792454
4782,0.9792454
4783,0.9792454
4784,0.9792454
4785,0.9792454
4786,0.9792454
4787,0.9792454
4788,0.9792454
4789,0.9792454
4790,0.9792454
4791,0.9792454
4792,0.9792454
4793,0.9792454
4794,0.9792454
4795,0.9792454
4796,0.9792454
4797,0.9792454
4798,0.9792454
4799,0.9792454
4800,0.9792454
4801,0.9792454
4802,0.9792454
4803,0.9792454
4804,0.9792454
4805,0.9792454
4806,0.9792454
4807,0.9792454
4808,0.9792454
4809,0.9792454
4810,0.9792454
4811,0.9792454
4812,0.9792454
4813,0.9792454
4814,0.9792454
4815,0.9792454
4816,0.9792454
4817,0.9792454
4818,0.9792454
4819,0.9792454
4820,0.9792454
4821,0.9792454
4822,0.9792454
4823,0.9792454
4824,0.9792454
4825,0.9792454
4826,0.9792454
4827,0.9792454
4828,0.9792454
4829,0.9792454
4830,0.9792454
4831,0.9792454
4832,0.9792454
4833,0.9792454
4834,0.9792454
4835,0.9792454
4836,0.9792454
4837,0.9792454
4838,0.9792454
4839,0.9792454
4840,0.9792454
4841,0.9792454
4842,0.9792454
4843,0.9792454
4844,0.9792454
4845,0.9792454
4846,0.9792454
4847,0.9792454
4848,0.9792454
4849,0.9792454
4850,0.9792454
4851,0.9792454
4852,0.9792454
4853,0.9792454
4854,0.9792454
4855,0.9792454
4856,0.9792454
4857,0.9792454
4858,0.9792454
4859,0.9792454
4860,0.9792454
4861,0.9792454
4862,0.9792454
4863,0.9792454
4864,0.9792454
4865,0.9792454
4866,0.9792454
4867,0.9792454
4868,0.9792454
4869,0.9792454
4870,0.9792454
4871,0.9792454
4872,0.9792454
4873,0.9792454
4874,0.9792454
4875,0.9792454
4876,0.9792454
4877,0.9792454
4878,0.9792454
4879,0.9792454
4880,0.9792454
4881,0.9792454
4882,0.9792454
4883,0.9792454
4884,0.9792454
4885,0.9792454
4886,0.9792454
4887,0.9792454
4888,0.9792454
4889,0.9792454
4890,0.9792454
4891,0.9792454
4892,0.9792454
4893,0.9792454
4894,0.9792454
4895,0.9792454
4896,0.9792454
4897,0.9792454
4898,0.9792454
4899,0.9792454
4900,0.9792454
4901,0.9792454
4902,0.9792454
4903,0.9792454
4904,0.9792454
4905,0.9792454
4906,0.9792454
4907,0.9792454
4908,0.9792454
4909,0.9792454
4910,0.9792454
4911,0.9792454
4912,0.9792454
4913,0.9792454
4914,0.9792454
4915,0.9792454
4916,0.9792454
4917,0.9792454
4918,0.9792454
4919,0.9792454
4920,0.9792454
4921,0.9792454
4922,0.9792454
4923,0.9792454
4924,0.9792454
4925,0.9792454
4926,0.9792454
4927,0.9792454
4928,0.9792454
4929,0.9792454
4930,0.9792454
4931,0.9792454
4932,0.9792454
4933,0.9792454
4934,0.9792454
4935,0.9792454
4936,0.9792454
4937,0.9792454
4938,0.9792454
4939,0.9792454
4940,0.9792454
4941,0.9792454
4942,0.9792454
4943,0.9792454
4944,0.9792454
4945,0.9792454
4946,0.9792454
4947,0.9792454
4948,0.9792454
4949,0.9792454
4950,0.9792454
4951,0.9792454
4952,0.9792454
4953,0.9792454
4954,0.9792454
4955,0.9792454
4956,0.9792454
4957,0.9792454
4958,0.9792454
4959,0.9792454
4960,0.9792454
4961,0.9792454
4962,0.9792454
4963,0.9792454
4964,0.9792454
4965,0.9792454
4966,0.9792454
4967,0.9792454
4968,0.9792454
4969,0.9792454
4970,0.9792454
4971,0.9792454
4972,0.9792454
4973,0.9792454
4974,0.9792454
4975,0.9792454
4976,0.9792454
4977,0.9792454
4978,0.9792454
4979,0.9792454
4980,0.9792454
4981,0.9792454
4982,0.9792454
4983,0.9792454
4984,0.9792454
4985,0.9792454
4986,0.9792454
4987,0.9792454
4988,0.9792454
4989,0.9792454
4990,0.9792454
4991,0.9792454
4992,0.9792454
4993,0.9792454
4994,0.9792454
4995,0.9792454
4996,0.9792454
4997,0.9792454
4998,0.9792454
4999,0.9792454
5000,0.9792454
5001,0.9792454
5002,0.9792454
5003,0.9792454
5004,0.9792454
5005,0.9792454
5006,0.9792454
5007,0.9792454
5008,0.9792454
5009,0.9792454
5010,0.9792454
5011,0.9792454
5012,0.9792454
5013,0.9792454
5014,0.9792454
5015,0.9792454
5016,0.9792454
5017,0.9792454
5018,0.9792454
5019,0.9792454
5020,0.9792454
5021,0.9792454
5022,0.9792454
5023,0.9792454
5024,0.9792454
5025,0.9792454
5026,0.9792454
5027,0.9792454
5028,0.9792454
5029,0.9792454
5030,0.9792454
5031,0.9792454
5032,0.9792454
5033,0.9792454
5034,0.9792454
5035,0.9792454
5036,0.9792454
5037,0.9792454
5038,0.9792454
5039,0.9792454
5040,0.9792454
5041,0.9792454
5042,0.9792454
5043,0.9792454
5044,0.9792454
5045,0.9792454
5046,0.9792454
5047,0.9792454
5048,0.9792454
5049,0.9792454
5050,0.9792454
5051,0.9792454
5052,0.9792454
5053,0.9792454
5054,0.9792454
5055,0.9792454
5056,0.9792454
5057,0.9792454
5058,0.9792454
5059,0.9792454
5060,0.9792454
5061,0.9792454
5062,0.9792454
5063,0.9792454
5064,0.9792454
5065,0.9792454
5066,0.9792454
5067,0.9792454
5068,0.9792454
5069,0.9792454
5070,0.9792454
5071,0.9792454
5072,0.9792454
5073,0.9792454
5074,0.9792454
5075,0.9792454
5076,0.9792454
5077,0.9792454
5078,0.9792454
5079,0.9792454
5080,0.9792454
5081,0.9792454
5082,0.9792454
5083,0.9792454
5084,0.9792454
5085,0.9792454
5086,0.9792454
5087,0.9792454
5088,0.9792454
5089,0.9792454
5090,0.9792454
5091,0.9792454
5092,0.9792454
5093,0.9792454
5094,0.9792454
5095,0.9792454
5096,0.9792454
5097,0.9792454
5098,0.9792454
5099,0.9792454
5100,0.9792454
5101,0.9792454
5102,0.9792454
5103,0.9792454
5104,0.9792454
5105,0.9792454
5106,0.9792454
5107,0.9792454
5108,0.9792454
5109,0.9792454
5110,0.9792454
5111,0.9792454
5112,0.9792454
5113,0.9792454
5114,0.9792454
5115,0.9792454
5116,0.9792454
5117,0.9792454
5118,0.9792454
5119,0.9792454
5120,0.9792454
5121,0.9792454
5122,0.9792454
5123,0.9792454
5124,0.9792454
5125,0.9792454
5126,0.9792454
5127,0.9792454
5128,0.9792454
5129,0.9792454
5130,0.9792454
5131,0.9792454
5132,0.9792454
5133,0.9792454
5134,0.9792454
5135,0.9792454
5136,0.9792454
5137,0.9792454
5138,0.9792454
5139,0.9792454
5140,0.9792454
5141,0.9792454
5142,0.9792454
5143,0.9792454
5144,0.9792454
5145,0.9792454
5146,0.9792454
5147,0.9792454
5148,0.9792454
5149,0.9792454
5150,0.9792454
5151,0.9792454
5152,0.9792454
5153,0.9792454
5154,0.9792454
5155,0.9792454
5156,0.9792454
5157,0.9792454
5158,0.9792454
5159,0.9792454
5160,0.9792454
5161,0.9792454
5162,0.9792454
5163,0.9792454
5164,0.9792454
5165,0.9792454
5166,0.9792454
5167,0.9792454
5168,0.9792454
5169,0.9792454
5170,0.9792454
5171,0.9792454
5172,0.9792454
5173,0.9792454
5174,0.9792454
5175,0.9792454
5176,0.9792454
5177,0.9792454
5178,0.9792454
5179,0.9792454
5180,0.9792454
5181,0.9792454
5182,0.9792454
5183,0.9792454
5184,0.9792454
5185,0.9792454
5186,0.9792454
5187,0.9792454
5188,0.9792454
5189,0.9792454
5190,0.9792454
5191,0.9792454
5192,0.9792454
5193,0.9792454
5194,0.9792454
5195,0.9792454
5196,0.9792454
5197,0.9792454
5198,0.9792454
5199,0.9792454
5200,0.9792454
5201,0.9792454
5202,0.9792454
5203,0.9792454
5204,0.9792454
5205,0.9792454
5206,0.9792454
5207,0.9792454
5208,0.9792454
5209,0.9792454
5210,0.9792454
5211,0.9792454
5212,0.9792454
5213,0.9792454
5214,0.9792454
5215,0.9792454
5216,0.9792454
5217,0.9792454
5218,0.9792454
5219,0.9792454
5220,0.9792454
5221,0.9792454
5222,0.9792454
5223,0.9792454
5224,0.9792454
5225,0.9792454
5226,0.9792454
5227,0.9792454
5228,0.9792454
5229,0.9792454
5230,0.9792454
5231,0.9792454
5232,0.9792454
5233,0.9792454
5234,0.9792454
5235,0.9792454
5236,0.9792454
5237,0.9792454
5238,0.9792454
5239,0.9792454
5240,0.9792454
5241,0.9792454
5242,0.9792454
5243,0.9792454
5244,0.9792454
5245,0.9792454
5246,0.9792454
5247,0.9792454
5248,0.9792454
5249,0.9792454
5250,0.9792454
5251,0.9792454
5252,0.9792454
5253,0.9792454
5254,0.9792454
5255,0.9792454
5256,0.9792454
5257,0.9792454
5258,0.9792454
5259,0.9792454
5260,0.9792454
5261,0.9792454
5262,0.9792454
5263,0.9792454
5264,0.9792454
5265,0.9792454
5266,0.9792454
5267,0.9792454
5268,0.9792454
5269,0.9792454
5270,0.9792454
5271,0.9792454
5272,0.9792454
5273,0.9792454
5274,0.9792454
5275,0.9792454
5276,0.9792454
5277,0.9792454
5278,0.9792454
5279,0.9792454
5280,0.9792454
5281,0.9792454
5282,0.9792454
5283,0.9792454
5284,0.9792454
5285,0.9792454
5286,0.9792454
5287,0.9792454
5288,0.9792454
5289,0.9792454
5290,0.9792454
5291,0.9792454
5292,0.9792454
5293,0.9792454
5294,0.9792454
5295,0.9792454
5296,0.9792454
5297,0.9792454
5298,0.9792454
5299,0.9792454
5300,0.9792454
5301,0.9792454
5302,0.9792454
5303,0.9792454
5304,0.9792454
5305,0.9792454
5306,0.9792454
5307,0.9792454
5308,0.9792454
5309,0.9792454
5310,0.9792454
5311,0.9792454
5312,0.9792454
5313,0.9792454
5314,0.9792454
5315,0.9792454
5316,0.9792454
5317,0.9792454
5318,0.9792454
5319,0.9792454
5320,0.9792454
5321,0.9792454
5322,0.9792454
5323,0.9792454
5324,0.9792454
5325,0.9792454
5326,0.9792454
5327,0.9792454
5328,0.9792454
5329,0.9792454
5330,0.9792454
5331,0.9792454
5332,0.9792454
5333,0.9792454
5334,0.9792454
5335,0.9792454
5336,0.9792454
5337,0.9792454
5338,0.9792454
5339,0.9792454
5340,0.9792454
5341,0.9792454
5342,0.9792454
5343,0.9792454
5344,0.9792454
5345,0.9792454
5346,0.9792454
5347,0.9792454
5348,0.9792454
5349,0.9792454
5350,0.9792454
5351,0.9792454
5352,0.9792454
5353,0.9792454
5354,0.9792454
5355,0.9792454
5356,0.9792454
5357,0.9792454
5358,0.9792454
5359,0.9792454
5360,0.9792454
5361,0.9792454
5362,0.9792454
5363,0.9792454
5364,0.9792454
5365,0.9792454
5366,0.9792454
5367,0.9792454
5368,0.9792454
5369,0.9792454
5370,0.9792454
5371,0.9792454
5372,0.9792454
5373,0.9792454
5374,0.9792454
5375,0.9792454
5376,0.9792454
5377,0.9792454
5378,0.9792454
5379,0.9792454
5380,0.9792454
5381,0.9792454
5382,0.9792454
5383,0.9792454
5384,0.9792454
5385,0.9792454
5386,0.9792454
5387,0.9792454
5388,0.9792454
5389,0.9792454
5390,0.9792454
5391,0.9792454
5392,0.9792454
5393,0.9792454
5394,0.9792454
5395,0.9792454
5396,0.9792454
5397,0.9792454
5398,0.9792454
5399,0.9792454
5400,0.9792454
5401,0.9792454
5402,0.9792454
5403,0.9792454
5404,0.9792454
5405,0.9792454
5406,0.9792454
5407,0.9792454
5408,0.9792454
5409,0.9792454
5410,0.9792454
5411,0.9792454
5412,0.9792454
5413,0.9792454
5414,0.9792454
5415,0.9792454
5416,0.9792454
5417,0.9792454
5418,0.9792454
5419,0.9792454
5420,0.9792454
5421,0.9792454
5422,0.9792454
5423,0.9792454
5424,0.9792454
5425,0.9792454
5426,0.9792454
5427,0.9792454
5428,0.9792454
5429,0.9792454
5430,0.9792454
5431,0.9792454
5432,0.9792454
5433,0.9792454
5434,0.9792454
5435,0.9792454
5436,0.9792454
5437,0.9792454
5438,0.9792454
5439,0.9792454
5440,0.9792454
5441,0.9792454
5442,0.9792454
5443,0.9792454
5444,0.9792454
5445,0.9792454
5446,0.9792454
5447,0.9792454
5448,0.9792454
5449,0.9792454
5450,0.9792454
5451,0.9792454
5452,0.9792454
5453,0.9792454
5454,0.9792454
5455,0.9792454
5456,0.9792454
5457,0.9792454
5458,0.9792454
5459,0.9792454
5460,0.9792454
5461,0.9792454
5462,0.9792454
5463,0.9792454
5464,0.9792454
5465,0.9792454
5466,0.9792454
5467,0.9792454
5468,0.9792454
5469,0.9792454
5470,0.9792454
5471,0.9792454
5472,0.9792454
5473,0.9792454
5474,0.9792454
5475,0.9792454
5476,0.9792454
5477,0.9792454
5478,0.9792454
5479,0.9792454
5480,0.9792454
5481,0.9792454
5482,0.9792454
5483,0.9792454
5484,0.9792454
5485,0.9792454
5486,0.9792454
5487,0.9792454
5488,0.9792454
5489,0.9792454
5490,0.9792454
5491,0.9792454
5492,0.9792454
5493,0.9792454
5494,0.9792454
5495,0.9792454
5496,0.9792454
5497,0.9792454
5498,0.9792454
5499,0.9792454
5500,0.9792454
5501,0.9792454
5502,0.9792454
5503,0.9792454
5504,0.9792454
5505,0.9792454
5506,0.9792454
5507,0.9792454
5508,0.9792454
5509,0.9792454
5510,0.9792454
5511,0.9792454
5512,0.9792454
5513,0.9792454
5514,0.9792454
5515,0.9792454
5516,0.9792454
5517,0.9792454
5518,0.9792454
5519,0.9792454
5520,0.9792454
5521,0.9792454
5522,0.9792454
5523,0.9792454
5524,0.9792454
5525,0.9792454
5526,0.9792454
5527,0.9792454
5528,0.9792454
5529,0.9792454
5530,0.9792454
5531,0.9792454
5532,0.9792454
5533,0.9792454
5534,0.9792454
5535,0.9792454
5536,0.9792454
5537,0.9792454
5538,0.9792454
5539,0.9792454
5540,0.9792454
5541,0.9792454
5542,0.9792454
5543,0.9792454
5544,0.9792454
5545,0.9792454
5546,0.9792454
5547,0.9792454
5548,0.9792454
5549,0.9792454
5550,0.9792454
5551,0.9792454
5552,0.9792454
5553,0.9792454
5554,0.9792454
5555,0.9792454
5556,0.9792454
5557,0.9792454
5558,0.9792454
5559,0.9792454
5560,0.9792454
5561,0.9792454
5562,0.9792454
5563,0.9792454
5564,0.9792454
5565,0.9792454
5566,0.9792454
5567,0.9792454
5568,0.9792454
5569,0.9792454
5570,0.9792454
5571,0.9792454
5572,0.9792454
5573,0.9792454
5574,0.9792454
5575,0.9792454
5576,0.9792454
5577,0.9792454
5578,0.9792454
5579,0.9792454
5580,0.9792454
5581,0.9792454
5582,0.9792454
5583,0.9792454
5584,0.9792454
5585,0.9792454
5586,0.9792454
5587,0.9792454
5588,0.9792454
5589,0.9792454
5590,0.9792454
5591,0.9792454
5592,0.9792454
5593,0.9792454
5594,0.9792454
5595,0.9792454
5596,0.9792454
5597,0.9792454
5598,0.9792454
5599,0.9792454
5600,0.9792454
5601,0.9792454
5602,0.9792454
5603,0.9792454
5604,0.9792454
5605,0.9792454
5606,0.9792454
5607,0.9792454
5608,0.9792454
5609,0.9792454
5610,0.9792454
5611,0.9792454
5612,0.9792454
5613,0.9792454
5614,0.9792454
5615,0.9792454
5616,0.9792454
5617,0.9792454
5618,0.9792454
5619,0.9792454
5620,0.9792454
5621,0.9792454
5622,0.9792454
5623,0.9792454
5624,0.9792454
5625,0.9792454
5626,0.9792454
5627,0.9792454
5628,0.9792454
5629,0.9792454
5630,0.9792454
5631,0.9792454
5632,0.9792454
5633,0.9792454
5634,0.9792454
5635,0.9792454
5636,0.9792454
5637,0.9792454
5638,0.9792454
5639,0.9792454
5640,0.9792454
5641,0.9792454
5642,0.9792454
5643,0.9792454
5644,0.9792454
5645,0.9792454
5646,0.9792454
5647,0.9792454
5648,0.9792454
5649,0.9792454
5650,0.9792454
5651,0.9792454
5652,0.9792454
5653,0.9792454
5654,0.9792454
5655,0.9792454
5656,0.9792454
5657,0.9792454
5658,0.9792454
5659,0.9792454
5660,0.9792454
5661,0.9792454
5662,0.9792454
5663,0.9792454
5664,0.9792454
5665,0.9792454
5666,0.9792454
5667,0.9792454
5668,0.9792454
5669,0.9792454
5670,0.9792454
5671,0.9792454
5672,0.9792454
5673,0.9792454
5674,0.9792454
5675,0.9792454
5676,0.9792454
5677,0.9792454
5678,0.9792454
5679,0.9792454
5680,0.9792454
5681,0.9792454
5682,0.9792454
5683,0.9792454
5684,0.9792454
5685,0.9792454
5686,0.9792454
5687,0.9792454
5688,0.9792454
5689,0.9792454
5690,0.9792454
5691,0.9792454
5692,0.9792454
5693,0.9792454
5694,0.9792454
5695,0.9792454
5696,0.9792454
5697,0.9792454
5698,0.9792454
5699,0.9792454
5700,0.9792454
5701,0.9792454
5702,0.9792454
5703,0.9792454
5704,0.9792454
5705,0.9792454
5706,0.9792454
5707,0.9792454
5708,0.9792454
5709,0.9792454
5710,0.9792454
5711,0.9792454
5712,0.9792454
5713,0.9792454
5714,0.9792454
5715,0.9792454
5716,0.9792454
5717,0.9792454
5718,0.9792454
5719,0.9792454
5720,0.9792454
5721,0.9792454
5722,0.9792454
5723,0.9792454
5724,0.9792454
5725,0.9792454
5726,0.9792454
5727,0.9792454
5728,0.9792454
5729,0.9792454
5730,0.9792454
5731,0.9792454
5732,0.9792454
5733,0.9792454
5734,0.9792454
5735,0.9792454
5736,0.9792454
5737,0.9792454
5738,0.9792454
5739,0.9792454
5740,0.9792454
5741,0.9792454
5742,0.9792454
5743,0.9792454
5744,0.9792454
5745,0.9792454
5746,0.9792454
5747,0.9792454
5748,0.9792454
5749,0.9792454
5750,0.9792454
5751,0.9792454
5752,0.9792454
5753,0.9792454
5754,0.9792454
5755,0.9792454
5756,0.9792454
5757,0.9792454
5758,0.9792454
5759,0.9792454
5760,0.9792454
5761,0.9792454
5762,0.9792454
5763,0.9792454
5764,0.9792454
5765,0.9792454
5766,0.9792454
5767,0.9792454
5768,0.9792454
5769,0.9792454
5770,0.9792454
5771,0.9792454
5772,0.9792454
5773,0.9792454
5774,0.9792454
5775,0.9792454
5776,0.9792454
5777,0.9792454
5778,0.9792454
5779,0.9792454
5780,0.9792454
5781,0.9792454
5782,0.9792454
5783,0.9792454
5784,0.9792454
5785,0.9792454
5786,0.9792454
5787,0.9792454
5788,0.9792454
5789,0.9792454
5790,0.9792454
5791,0.9792454
5792,0.9792454
5793,0.9792454
5794,0.9792454
5795,0.9792454
5796,0.9792454
5797,0.9792454
5798,0.9792454
5799,0.9792454
5800,0.9792454
5801,0.9792454
5802,0.9792454
5803,0.9792454
5804,0.9792454
5805,0.9792454
5806,0.9792454
5807,0.9792454
5808,0.9792454
5809,0.9792454
5810,0.9792454
5811,0.9792454
5812,0.9792454
5813,0.9792454
5814,0.9792454
5815,0.9792454
5816,0.9792454
5817,0.9792454
5818,0.9792454
5819,0.9792454
5820,0.9792454
5821,0.9792454
5822,0.9792454
5823,0.9792454
5824,0.9792454
5825,0.9792454
5826,0.9792454
5827,0.9792454
5828,0.9792454
5829,0.9792454
5830,0.9792454
5831,0.9792454
5832,0.9792454
5833,0.9792454
5834,0.9792454
5835,0.9792454
5836,0.9792454
5837,0.9792454
5838,0.9792454
5839,0.9792454
